Apo_Name1;Apo_Name2;PLZ;Ort;source
Hellweg-Apotheke;;59427;Unna;akwl
Apotheke im Kaufland;;33102;Paderborn;akwl
Elisabeth-Apotheke am Blauen See;;46284;Dorsten;akwl
Apotheke Rathaus Galerie;;58095;Hagen;akwl
Rammes Nord-Apotheke;;48429;Rheine;akwl
farma-plus Apotheke Beuth im Ruhrpark;;44791;Bochum;akwl
EinSteinApotheke;;48431;Rheine;akwl
Feen-Apotheke;;58300;Wetter;akwl
Kleeblatt Apotheke im Palais Vest;;45657;Recklinghausen;akwl
Stüwwenkopp-Apotheke;;48607;Ochtrup;akwl
Eulen-Apotheke;;59555;Lippstadt;akwl
Apotheke am Ring;;58452;Witten;akwl
Adler-Apotheke im Ärztezentrum;;48231;Warendorf;akwl
Apotheke im Pued;;44339;Dortmund;akwl
Guten Tag-Apotheke Thier Galerie;;44137;Dortmund;akwl
Neue Apotheke Derne OHG;;44329;Dortmund;akwl
Hirsch-Apotheke;;44135;Dortmund;akwl
St.Vitus-Apotheke;;33181;Bad Wünnenberg;akwl
Sintfeld-Apotheke;;33181;Bad Wünnenberg;akwl
Aatal-Apotheke;;33181;Bad Wünnenberg;akwl
Elefanten-Apotheke;;58452;Witten;akwl
See-Apotheke;;58456;Witten;akwl
Apotheke im real,-;;58453;Witten;akwl
Milan-Apotheke;;58453;Witten;akwl
Apotheke am boni-Center;;58455;Witten;akwl
Sonnen-Apotheke;;58453;Witten;akwl
Apotheke am Markt;;58456;Witten;akwl
Apotheke am Bodenborn;;58452;Witten;akwl
Westfalen-Apotheke;;58454;Witten;akwl
Salvator-Apotheke OHG;;58454;Witten;akwl
Rathaus-Apotheke;;58452;Witten;akwl
Königs-Apotheke;;58456;Witten;akwl
Hubertus-Apotheke;;58455;Witten;akwl
Hainberg-Apotheke;;58455;Witten;akwl
Engel-Apotheke;;58452;Witten;akwl
Einhorn-Apotheke;;58452;Witten;akwl
Central-Apotheke;;58455;Witten;akwl
Burg-Apotheke;;58452;Witten;akwl
Brunnen-Apotheke;;58456;Witten;akwl
Beethoven-Apotheke;;58452;Witten;akwl
Adler-Apotheke;;58453;Witten;akwl
Adler-Apotheke;;58452;Witten;akwl
Franziskus-Apotheke;;59955;Winterberg;akwl
Markt-Apotheke;;59955;Winterberg;akwl
Marien-Apotheke;;59955;Winterberg;akwl
Kur-Apotheke;;59955;Winterberg;akwl
Brücken-Apotheke-Wilnsdorf;;57234;Wilnsdorf;akwl
Rathaus-Apotheke;;57234;Wilnsdorf;akwl
Wieland-Apotheke;;57234;Wilnsdorf;akwl
Laurentius-Apotheke;;57234;Wilnsdorf;akwl
St.Vitus-Apotheke;;34439;Willebadessen;akwl
Hirsch-Apotheke;;34439;Willebadessen;akwl
Ruhr-Apotheke;;58739;Wickede;akwl
Loewen-Apotheke;;58739;Wickede;akwl
Alte Apotheke;;58739;Wickede;akwl
Ludgeri-Apotheke;;48493;Wettringen;akwl
Sonnen-Apotheke;;48493;Wettringen;akwl
DocMorris-Apotheke im Ruhrtal-Center;;58300;Wetter;akwl
Elfen-Apotheke;;58300;Wetter;akwl
Hirsch-Apotheke;;58300;Wetter;akwl
Harkort-Apotheke;;58300;Wetter;akwl
Goethe-Apotheke;;58300;Wetter;akwl
Adler-Apotheke;;58300;Wetter;akwl
Hirsch-Apotheke;;49492;Westerkappeln;akwl
Hanfrieden-Apotheke;;49492;Westerkappeln;akwl
Sonnen-Apotheke;;33824;Werther;akwl
Markt-Apotheke;;33824;Werther;akwl
Adler-Apotheke;;33824;Werther;akwl
Lippe-Apotheke;;59368;Werne;akwl
Apotheke am Solebad;;59368;Werne;akwl
Fürstenhof-Apotheke;;59368;Werne;akwl
Apotheke am Steinhaus;;59368;Werne;akwl
Post-Apotheke;;59368;Werne;akwl
St.Hubertus-Apotheke;;59368;Werne;akwl
Gerstein-Apotheke;;59368;Werne;akwl
Christophorus-Apotheke;;59368;Werne;akwl
Adler-Apotheke;;59368;Werne;akwl
Avie Walburga-Apotheke;;59457;Werl;akwl
Sonnen-Apotheke;;59457;Werl;akwl
Arkade-Apotheke;;59457;Werl;akwl
Sälzer-Apotheke;;59457;Werl;akwl
Bären-Apotheke an der Basilika;;59457;Werl;akwl
Hirsch-Apotheke;;59457;Werl;akwl
Hellweg-Apotheke OHG Werl;;59457;Werl;akwl
Stadt-Apotheke;;58791;Werdohl;akwl
Neue Apotheke;;58791;Werdohl;akwl
Fortuna-Apotheke;;58791;Werdohl;akwl
Engel-Apotheke;;58791;Werdohl;akwl
Bahnhof-Apotheke;;58791;Werdohl;akwl
Kunibertus-Apotheke;;57482;Wenden;akwl
Antonius-Apotheke;;57482;Wenden;akwl
Severinus-Apotheke;;57482;Wenden;akwl
Marien-Apotheke;;57482;Wenden;akwl
Steinhoffs Markt-Apotheke OHG;;59514;Welver;akwl
Engel-Apotheke Dr. Heidel e.K.;;59581;Warstein;akwl
Apotheke an der Kirche;;59581;Warstein;akwl
Pankratius-Apotheke;;59581;Warstein;akwl
Löwen-Apotheke;;59581;Warstein;akwl
Hubertus-Apotheke;;59581;Warstein;akwl
Hirsch-Apotheke;;59581;Warstein;akwl
Bahnhofs-Apotheke;;59581;Warstein;akwl
Adler-Apotheke;;59581;Warstein;akwl
Apotheke im Gesundheitszentrum;;48231;Warendorf;akwl
Marien Apotheke;;48231;Warendorf;akwl
Flora-Apotheke;;48231;Warendorf;akwl
Stifts-Apotheke;;48231;Warendorf;akwl
St.Georg-Apotheke;;48231;Warendorf;akwl
Sonnen-Apotheke;;48231;Warendorf;akwl
Löwen-Apotheke;;48231;Warendorf;akwl
Kreuz-Apotheke;;48231;Warendorf;akwl
Hansa-Apotheke;;48231;Warendorf;akwl
Adler-Apotheke;;48231;Warendorf;akwl
Altstadt-Apotheke;;34414;Warburg;akwl
Apotheke am Kasseler Tor;;34414;Warburg;akwl
Desenberg-Apotheke;;34414;Warburg;akwl
Teutonenburg-Apotheke;;34414;Warburg;akwl
St.Erasmus-Apotheke;;34414;Warburg;akwl
Schildkröten-Apotheke;;34414;Warburg;akwl
Marien-Apotheke;;34414;Warburg;akwl
Hirsch-Apotheke;;34414;Warburg;akwl
Neue Apotheke im MZL;;45731;Waltrop;akwl
Apotheke am Markt;;45731;Waltrop;akwl
Süd-Apotheke;;45731;Waltrop;akwl
Neue Apotheke am Kiepenkerl;;45731;Waltrop;akwl
Marien-Apotheke;;45731;Waltrop;akwl
Glückauf-Apotheke;;45731;Waltrop;akwl
Alte Apotheke;;45731;Waltrop;akwl
Nikolaus-Apotheke;;59329;Wadersloh;akwl
Abtei-Apotheke Liesborn;;59329;Wadersloh;akwl
Apotheke am Dom;;59329;Wadersloh;akwl
Sonnen-Apotheke;;59329;Wadersloh;akwl
Apotheke Widukind;;48691;Vreden;akwl
Mühlen-Apotheke;;48691;Vreden;akwl
Marien-Apotheke;;48691;Vreden;akwl
Hirsch-Apotheke;;48691;Vreden;akwl
Burg-Apotheke;;48691;Vreden;akwl
Mühlen-Apotheke;;32602;Vlotho;akwl
Weser-Apotheke;;32602;Vlotho;akwl
Rosen-Apotheke;;32602;Vlotho;akwl
Markt-Apotheke;;32602;Vlotho;akwl
Sonnen-Apotheke oHG;;33775;Versmold;akwl
AVIE Bahnhof-Apotheke;;33775;Versmold;akwl
Bären-Apotheke;;33775;Versmold;akwl
Apotheke Hollefeld OHG;;33775;Versmold;akwl
Apotheke im Minipreis Center OHG;;33415;Verl;akwl
Bären Apotheke;;33415;Verl;akwl
Fürst-Wenzel-Apotheke;;33415;Verl;akwl
Westfalen-Apotheke;;33415;Verl;akwl
Neue Apotheke;;33415;Verl;akwl
Apotheke am Alten Bahnhof;;46342;Velen;akwl
Marien-Apotheke;;46342;Velen;akwl
Engel-Apotheke;;46342;Velen;akwl
Andreas Apotheke;;46342;Velen;akwl
Bären-Apotheke;;59425;Unna;akwl
Tauben-Apotheke;;59425;Unna;akwl
Regenbogen Apotheke;;59423;Unna;akwl
Mozart-Apotheke im Medical Center;;59423;Unna;akwl
Apotheke Berliner Allee;;59425;Unna;akwl
Sonnen-Apotheke;;59427;Unna;akwl
Salinen-Apotheke;;59425;Unna;akwl
Ring-Apotheke;;59423;Unna;akwl
Mühlen-Apotheke;;59427;Unna;akwl
Löwen-Apotheke;;59423;Unna;akwl
Hansa-Apotheke;;59423;Unna;akwl
Eulen-Apotheke;;59423;Unna;akwl
Burg-Apotheke;;59423;Unna;akwl
Adler-Apotheke;;59423;Unna;akwl
Bever-Apotheke;;48291;Telgte;akwl
Apotheke am Kirchpark;;48291;Telgte;akwl
Storchen-Apotheke;;48291;Telgte;akwl
Steintor-Apotheke;;48291;Telgte;akwl
Rathaus-Apotheke;;48291;Telgte;akwl
Conrad-Apotheke;;49545;Tecklenburg;akwl
Einhorn-Apotheke;;49545;Tecklenburg;akwl
Berg-Apotheke;;49545;Tecklenburg;akwl
Settmecke-Apotheke;;59846;Sundern;akwl
Röhrtal-Apotheke;;59846;Sundern;akwl
Hubertus-Apotheke;;59846;Sundern;akwl
Glocken-Apotheke;;59846;Sundern;akwl
Burg-Apotheke;;59846;Sundern;akwl
gesundleben Apotheke Christian Willeke e.K.;;59846;Sundern;akwl
Antonius-Apotheke;;59846;Sundern;akwl
Grenz-Apotheke Oeding;;46354;Südlohn;akwl
Engel-Apotheke;;46354;Südlohn;akwl
Apotheke in Levern;;32351;Stemwede;akwl
Strauß-Apotheke;;32351;Stemwede;akwl
Berliner Apotheke;;32351;Stemwede;akwl
Apotheke im Gesundheitszentrum Steinheim;;32839;Steinheim;akwl
Center Apotheke Steinheim;;32839;Steinheim;akwl
St.Rochus-Apotheke;;32839;Steinheim;akwl
Neue Uhlen-Apotheke;;32839;Steinheim;akwl
Markt-Apotheke;;32839;Steinheim;akwl
Engel-Apotheke;;32839;Steinheim;akwl
Steinhagener-Apotheke am Markt;;33803;Steinhagen;akwl
Mühlen-Apotheke;;33803;Steinhagen;akwl
Sonnen-Apotheke;;33803;Steinhagen;akwl
allesgut Apotheke im Burgforum;;48565;Steinfurt;akwl
PharMaxi-Apotheke;;48565;Steinfurt;akwl
allesgut Apotheke im BWS-Center;;48565;Steinfurt;akwl
Apotheke am Bauhaus;;48565;Steinfurt;akwl
Catharinen-Apotheke;;48565;Steinfurt;akwl
Schwanen-Apotheke;;48565;Steinfurt;akwl
Elefanten-Apotheke;;48565;Steinfurt;akwl
Burg-Apotheke;;48565;Steinfurt;akwl
Bahnhof-Apotheke;;48565;Steinfurt;akwl
Anker-Apotheke;;48565;Steinfurt;akwl
Berkel-Apotheke;;48703;Stadtlohn;akwl
Kiepenkerl-Apotheke;;48703;Stadtlohn;akwl
Tilly-Apotheke;;48703;Stadtlohn;akwl
Sonnen-Apotheke;;48703;Stadtlohn;akwl
Bären-Apotheke;;45549;Sprockhövel;akwl
Rosen-Apotheke;;45549;Sprockhövel;akwl
Glückauf-Apotheke;;45549;Sprockhövel;akwl
Friedrich-Apotheke;;45549;Sprockhövel;akwl
Rosen-Apotheke;;32139;Spenge;akwl
Barbara-Apotheke;;32139;Spenge;akwl
Adler-Apotheke;;32139;Spenge;akwl
Apotheke am Marienkrankenhaus OHG;;59494;Soest;akwl
Apotheke im Kloster Paradiese OHG;;59494;Soest;akwl
Steinhoffs Riga-Apotheke OHG;;59494;Soest;akwl
Apotheke Camen;;59494;Soest;akwl
West-Apotheke;(Kaufland-Passage);59494;Soest;akwl
Apotheke am Teich;;59494;Soest;akwl
Apotheke am Hansaplatz;;59494;Soest;akwl
Apotheke am Brüdertor;;59494;Soest;akwl
Süd-Apotheke;;59494;Soest;akwl
Schwanen-Apotheke;;59494;Soest;akwl
Rats-Apotheke OHG;;59494;Soest;akwl
Hellweg-Apotheke;;59494;Soest;akwl
Engel-Apotheke;;59494;Soest;akwl
Börde-Apotheke;;59494;Soest;akwl
Schloss-Apotheke Kreisklinikum;;57076;Siegen;akwl
Herz-Apotheke am Siegbogen;;57076;Siegen;akwl
easy-Apotheke Siegen;;57072;Siegen;akwl
Rathaus-Apotheke;;57078;Siegen;akwl
Dr.Bodinka Forum-Apotheke;;57072;Siegen;akwl
Bären-Apotheke Siegen;;57072;Siegen;akwl
Stern-Apotheke;;57072;Siegen;akwl
Apotheke zum Marienbörnchen;;57074;Siegen;akwl
Albertus Magnus e. K. die Gesundzeitapotheke;;57072;Siegen;akwl
Sonnen-Apotheke Ecke Wellersbergstraße;;57072;Siegen;akwl
Schwanen-Apotheke;;57080;Siegen;akwl
Schloss-Apotheke Markt;;57072;Siegen;akwl
Vollwerth-Apotheke;;57072;Siegen;akwl
Roland-Apotheke;;57076;Siegen;akwl
Oranien-Apotheke;;57078;Siegen;akwl
Markt-Apotheke;;57078;Siegen;akwl
Löwen-Apotheke;;57072;Siegen;akwl
Linden-Apotheke;;57080;Siegen;akwl
Kloster-Apotheke;;57074;Siegen;akwl
Jung-Stilling-Apotheke;;57074;Siegen;akwl
Hütten-Apotheke;;57078;Siegen;akwl
Hirsch-Apotheke;;57072;Siegen;akwl
Hindenburg-Apotheke;;57072;Siegen;akwl
Glückauf-Apotheke;;57080;Siegen;akwl
Gilberg-Apotheke;;57080;Siegen;akwl
Engel-Apotheke am Bahnhof;;57072;Siegen;akwl
Eisenhut-Apotheke;;57080;Siegen;akwl
Neue Burg-Apotheke;;57080;Siegen;akwl
Bismarck-Apotheke;;57076;Siegen;akwl
Bahnhof-Apotheke;;57072;Siegen;akwl
Adler-Apotheke;;57076;Siegen;akwl
Abc-Apotheke;;57076;Siegen;akwl
Apotheke Hake;;48324;Sendenhorst;akwl
Lamberti-Apotheke;;48324;Sendenhorst;akwl
Engel-Apotheke;;48324;Sendenhorst;akwl
Adler-Apotheke;;48324;Sendenhorst;akwl
Stever-Apotheke;;48308;Senden;akwl
St.Johannes-Apotheke;;48308;Senden;akwl
St.Urban-Apotheke;;48308;Senden;akwl
Marien-Apotheke;;48308;Senden;akwl
Engel-Apotheke;;48308;Senden;akwl
Bären-Apotheke am Selmer Zentrum;;59379;Selm;akwl
Bären-Apotheke;;59379;Selm;akwl
Altstadt-Apotheke Brüning;;59379;Selm;akwl
Apotheke am Sandforter Weg;;59379;Selm;akwl
St.Martin-Apotheke;;59379;Selm;akwl
Neue Apotheke Brüning;;59379;Selm;akwl
Hubertus-Apotheke;;59379;Selm;akwl
Marien-Apotheke;;58239;Schwerte;akwl
St.Viktor-Apotheke;;58239;Schwerte;akwl
Rosen-Apotheke;;58239;Schwerte;akwl
Tannen Apotheke;;58239;Schwerte;akwl
Rathaus-Apotheke;;58239;Schwerte;akwl
Ostentor-Apotheke;;58239;Schwerte;akwl
Neue Apotheke;;58239;Schwerte;akwl
Mühlen-Apotheke;;58239;Schwerte;akwl
Bahnhof-Apotheke;;58239;Schwerte;akwl
Aesculap-Apotheke;;58239;Schwerte;akwl
Adler-Apotheke;;58239;Schwerte;akwl
Rathaus-Apotheke;;58332;Schwelm;akwl
Apotheke Möllenkotten;;58332;Schwelm;akwl
Stern-Apotheke;;58332;Schwelm;akwl
Sonnen-Apotheke;;58332;Schwelm;akwl
Märkische Apotheke;;58332;Schwelm;akwl
Hirsch-Apotheke;;58332;Schwelm;akwl
Fortuna-Apotheke;;58332;Schwelm;akwl
Bahnhof-Apotheke;;58332;Schwelm;akwl
Linden-Apotheke;;48624;Schöppingen;akwl
St.Valentin-Apotheke;;57392;Schmallenberg;akwl
St.Georg-Apotheke;;57392;Schmallenberg;akwl
Marien-Apotheke;;57392;Schmallenberg;akwl
Löwen-Apotheke;;57392;Schmallenberg;akwl
Burg-Apotheke;;57392;Schmallenberg;akwl
Safari-Apotheke;;33758;Schloß Holte-Stukenbrock;akwl
Apotheke am Holter Kirchplatz;;33758;Schloß Holte-Stukenbrock;akwl
Apotheke am Markt;;33758;Schloß Holte-Stukenbrock;akwl
Pollhans-Apotheke;;33758;Schloß Holte-Stukenbrock;akwl
Hubertus-Apotheke;;33758;Schloß Holte-Stukenbrock;akwl
Arminius-Apotheke;;33758;Schloß Holte-Stukenbrock;akwl
Apotheke Vornewald;;33189;Schlangen;akwl
Eichen-Apotheke;;33189;Schlangen;akwl
Löwen-Apotheke;;32816;Schieder-Schwalenberg;akwl
Hubertus-Apotheke;;32816;Schieder-Schwalenberg;akwl
Volme-Apotheke;;58579;Schalksmühle;akwl
Hirsch-Apotheke;;58579;Schalksmühle;akwl
Linden-Apotheke;;48336;Sassenberg;akwl
Park-Apotheke;;48336;Sassenberg;akwl
Amts-Apotheke;;48336;Sassenberg;akwl
Apotheke am Salinenhof;;33154;Salzkotten;akwl
Sälzer-Apotheke;;33154;Salzkotten;akwl
Rats Apotheke Dr. Klaus Michels;;33154;Salzkotten;akwl
Matthäus-Apotheke;;33154;Salzkotten;akwl
Engel-Apotheke;;33154;Salzkotten;akwl
Rathaus-Apotheke;;48369;Saerbeck;akwl
Linden-Apotheke;;48369;Saerbeck;akwl
Hirsch-Apotheke;;59602;Rüthen;akwl
Hachtor-Apotheke;;59602;Rüthen;akwl
St.Nikolaus-Apotheke;;48720;Rosendahl;akwl
Markt-Apotheke;;48720;Rosendahl;akwl
Barbara-Apotheke;;48720;Rosendahl;akwl
Neue Apotheke Bruchmühlen;;32289;Rödinghausen;akwl
Adler-Apotheke;;32289;Rödinghausen;akwl
Antonius-Apotheke;;33397;Rietberg;akwl
Rosen-Apotheke Westerwiehe;;33397;Rietberg;akwl
Rotgerische Apotheke am Nordtor;;33397;Rietberg;akwl
Südtor-Apotheke;;33397;Rietberg;akwl
Rotgerische-Apotheke;;33397;Rietberg;akwl
Rosen-Apotheke Neuenkirchen;;33397;Rietberg;akwl
Marien-Apotheke;;33397;Rietberg;akwl
Apotheke am Humboldtplatz;;48429;Rheine;akwl
Apotheke im Gesundheitszentrum rechts der Ems;;48429;Rheine;akwl
Westpark Apotheke;;48431;Rheine;akwl
Don Bosco-Apotheke;;48432;Rheine;akwl
Königsesch-Apotheke;;48431;Rheine;akwl
Marien-Apotheke;;48432;Rheine;akwl
Veit-Apotheke;;48431;Rheine;akwl
Schotthock-Apotheke;;48429;Rheine;akwl
Rosen-Apotheke;;48431;Rheine;akwl
Rathaus-Apotheke;;48431;Rheine;akwl
Johannes-Apotheke;;48432;Rheine;akwl
Falken-Apotheke;;48431;Rheine;akwl
Eschendorf-Apotheke;;48429;Rheine;akwl
Ems-Apotheke OHG;;48429;Rheine;akwl
Galerie-Apotheke;;48431;Rheine;akwl
Adler-Apotheke oHG;;48431;Rheine;akwl
Apotheke Gutersohn;;46414;Rhede;akwl
Markt-Apotheke;;46414;Rhede;akwl
Hirsch-Apotheke;;46414;Rhede;akwl
Sonnen-Apotheke;;33378;Rheda-Wiedenbrück;akwl
Pius-Apotheke;;33378;Rheda-Wiedenbrück;akwl
Bären-Apotheke am Rathaus;;33378;Rheda-Wiedenbrück;akwl
Steinhoffs Schloss-Apotheke OHG;;33378;Rheda-Wiedenbrück;akwl
Rats-Apotheke;;33378;Rheda-Wiedenbrück;akwl
Morsey'sche-Apotheke;;33378;Rheda-Wiedenbrück;akwl
Markt-Apotheke;;33378;Rheda-Wiedenbrück;akwl
Löwen-Apotheke;;33378;Rheda-Wiedenbrück;akwl
Brücken-Apotheke;;33378;Rheda-Wiedenbrück;akwl
Andreas Apotheke;;33378;Rheda-Wiedenbrück;akwl
Apotheke am Benediktushof;;48734;Reken;akwl
Dorf-Apotheke;;48734;Reken;akwl
Apotheke am Bahnhof;;48734;Reken;akwl
Marien-Apotheke;;48734;Reken;akwl
DIE NEUE APOTHEKE IN WANNE;;44649;Herne;akwl
Löwen-Apotheke an der Westfalenstraße;;45661;Recklinghausen;akwl
DIE NEUE APOTHEKE IN Recklinghausen-Süd;;45661;Recklinghausen;akwl
Apotheke am Rathausplatz;;45657;Recklinghausen;akwl
Apotheke am Hohenzollernpark;;45659;Recklinghausen;akwl
Apotheke am Rosengarten;;45657;Recklinghausen;akwl
Bertrandis-Apotheke;;45661;Recklinghausen;akwl
Suitbert-Apotheke;;45659;Recklinghausen;akwl
Bären-Apotheke;;45657;Recklinghausen;akwl
Apotheke am Ehlinghof;;45665;Recklinghausen;akwl
Steintor-Apotheke;;45657;Recklinghausen;akwl
Sankt Paulus Apotheke;;45659;Recklinghausen;akwl
Elisabeth-Apotheke an der Engelsburg;;45657;Recklinghausen;akwl
Rosen-Apotheke OHG;;45663;Recklinghausen;akwl
Romberg-Apotheke;;45657;Recklinghausen;akwl
Bußmann's Rats-Apotheke;;45657;Recklinghausen;akwl
Quellberg-Apotheke;;45665;Recklinghausen;akwl
Bußmann's Merlin Apotheke;;45661;Recklinghausen;akwl
Neumarkt-Apotheke;;45661;Recklinghausen;akwl
Marien-Apotheke;;45661;Recklinghausen;akwl
Löwen-Apotheke am Markt;;45661;Recklinghausen;akwl
Liebfrauen-Apotheke;;45665;Recklinghausen;akwl
Kuniberti-Apotheke;;45657;Recklinghausen;akwl
Kreuz-Apotheke;;45665;Recklinghausen;akwl
DIE NEUE APOTHEKE in HOCHLARMARK;;45661;Recklinghausen;akwl
Heide-Apotheke;;45659;Recklinghausen;akwl
Glückauf-Apotheke;;45663;Recklinghausen;akwl
City-Apotheke;;45657;Recklinghausen;akwl
Barbara-Apotheke;;45665;Recklinghausen;akwl
Anker-Apotheke;;45661;Recklinghausen;akwl
Alte Apotheke;;45657;Recklinghausen;akwl
Ahorn-Apotheke;;45659;Recklinghausen;akwl
Adler-Apotheke;;45661;Recklinghausen;akwl
Vitalis-Apotheke;;45657;Recklinghausen;akwl
St.Marien-Apotheke;;49509;Recke;akwl
Schlütersche Apotheke;;49509;Recke;akwl
Linden-Apotheke;;49509;Recke;akwl
Fontane-Apotheke;;32369;Rahden;akwl
VITAL Apotheke zur alten Post;;32369;Rahden;akwl
Köchling'sche-Apotheke;;32369;Rahden;akwl
Aue-Apotheke;;32369;Rahden;akwl
Anker-Apotheke;;32369;Rahden;akwl
Femeichen-Apotheke;;46348;Raesfeld;akwl
Schloss-Apotheke e.K.;;46348;Raesfeld;akwl
Holzwarth-Apotheke Raesfeld;;46348;Raesfeld;akwl
Markt-Apotheke;;32361;Preußisch Oldendorf;akwl
Post-Apotheke;;32361;Preußisch Oldendorf;akwl
Wiehen-Apotheke;;32361;Preußisch Oldendorf;akwl
Brandsche Apotheke am Klinikum;;32457;Porta Westfalica;akwl
Apotheke im Porta Markt;;32457;Porta Westfalica;akwl
Apotheke am Markt;;32457;Porta Westfalica;akwl
Wittekind-Apotheke;;32457;Porta Westfalica;akwl
Weser-Apotheke;;32457;Porta Westfalica;akwl
Roland-Apotheke;;32457;Porta Westfalica;akwl
Porta-Apotheke;;32457;Porta Westfalica;akwl
Paracelsus-Apotheke;;32457;Porta Westfalica;akwl
Löwen-Apotheke;;32457;Porta Westfalica;akwl
Berg-Apotheke;;32457;Porta Westfalica;akwl
Märkische-Apotheke;;58840;Plettenberg;akwl
Apotheke am Nocken;;58840;Plettenberg;akwl
Wieden-Apotheke;;58840;Plettenberg;akwl
Victoria-Apotheke;;58840;Plettenberg;akwl
St.Martin-Apotheke;;58840;Plettenberg;akwl
Engel-Apotheke;;58840;Plettenberg;akwl
Berg Apotheke;;58840;Plettenberg;akwl
Apotheke Friedewalde;;32469;Petershagen;akwl
Weser-Apotheke;;32469;Petershagen;akwl
Sonnen-Apotheke;;32469;Petershagen;akwl
Rats-Apotheke;;32469;Petershagen;akwl
Oesper-Apotheke;;32469;Petershagen;akwl
Hirsch-Apotheke;;32469;Petershagen;akwl
Apotheke am Hauptbahnhof;;33102;Paderborn;akwl
MediCo Apotheke oHG Am Brüderkrankenhaus;;33098;Paderborn;akwl
Apotheke im Facharztzentrum;;33100;Paderborn;akwl
Apotheke im TAO-Gesundheitspark;;33100;Paderborn;akwl
Apotheke Wilhelmshöhe;;33102;Paderborn;akwl
Drei Hasen Apotheke OHG;;33098;Paderborn;akwl
Marienloher-Apotheke oHG;;33104;Paderborn;akwl
Kastanien-Apotheke;;33100;Paderborn;akwl
Apotheke am Lippesee;;33106;Paderborn;akwl
Hatzfeld-Apotheke im Mastbruch;;33104;Paderborn;akwl
Delphin-Apotheke;;33102;Paderborn;akwl
Mühlenhof-Apotheke;;33104;Paderborn;akwl
West-Apotheke;;33102;Paderborn;akwl
Pader-Apotheke;;33098;Paderborn;akwl
Thune-Apotheke;;33104;Paderborn;akwl
Süd-Apotheke im Südring;;33100;Paderborn;akwl
Apotheke Auf der Lieth;;33100;Paderborn;akwl
St.Dionysius-Apotheke;;33106;Paderborn;akwl
Heide-Apotheke;;33102;Paderborn;akwl
St.Florian-Apotheke;;33102;Paderborn;akwl
Bären-Apotheke;;33104;Paderborn;akwl
Apotheke Am Lichtenturm;;33100;Paderborn;akwl
Rathaus Apotheke oHG;;33098;Paderborn;akwl
Apotheke Schöne Aussicht;;33098;Paderborn;akwl
Westfalen-Apotheke;;33106;Paderborn;akwl
Steinhof-Apotheke;;33106;Paderborn;akwl
St.Meinolf-Apotheke;;33098;Paderborn;akwl
St.Christophorus-Apotheke;;33102;Paderborn;akwl
Residenz-Apotheke;;33104;Paderborn;akwl
Maspern-Apotheke;;33102;Paderborn;akwl
Marien-Apotheke;;33098;Paderborn;akwl
Löwen-Apotheke;;33098;Paderborn;akwl
Le Mans-Apotheke;;33098;Paderborn;akwl
Heierstor-Apotheke;;33098;Paderborn;akwl
Apotheke am Berliner Ring;;33100;Paderborn;akwl
Dom Apotheke;;33098;Paderborn;akwl
Bonifatius-Apotheke;;33102;Paderborn;akwl
Alme-Apotheke;;33106;Paderborn;akwl
Marien-Apotheke;;48346;Ostbevern;akwl
Ambrosius-Apotheke;;48346;Ostbevern;akwl
Post-Apotheke;;59939;Olsberg;akwl
Markt-Apotheke Olsberg;;59939;Olsberg;akwl
DocMorris-Apotheke;;59939;Olsberg;akwl
Adler-Apotheke;;59939;Olsberg;akwl
Franziskus-Apotheke;;57462;Olpe;akwl
Schwanen-Apotheke;;57462;Olpe;akwl
Agatha-Apotheke;;57462;Olpe;akwl
Apotheke am Markt;;57462;Olpe;akwl
Valentin-Apotheke;;57462;Olpe;akwl
Sonnen-Apotheke;;57462;Olpe;akwl
Martinus-Apotheke;;57462;Olpe;akwl
Linden-Apotheke;;57462;Olpe;akwl
Stadt-Apotheke;;59399;Olfen;akwl
Marien-Apotheke;;59399;Olfen;akwl
Medicum-Apotheke;;45739;Oer-Erkenschwick;akwl
Apotheke in Lipperreihe;;33813;Oerlinghausen;akwl
Tönsberg-Apotheke;;33813;Oerlinghausen;akwl
Melmsche Hirsch-Apotheke;;33813;Oerlinghausen;akwl
Iberg-Apotheke;;33813;Oerlinghausen;akwl
Heide-Apotheke;;33813;Oerlinghausen;akwl
alpha apotheke;;45739;Oer-Erkenschwick;akwl
Einhorn-Apotheke;;45739;Oer-Erkenschwick;akwl
Bären-Apotheke;;45739;Oer-Erkenschwick;akwl
Neue Apotheke;;45739;Oer-Erkenschwick;akwl
Greif-Apotheke;;45739;Oer-Erkenschwick;akwl
Barbara-Apotheke;;45739;Oer-Erkenschwick;akwl
Alte Apotheke;;45739;Oer-Erkenschwick;akwl
Apotheke Rusche;;59302;Oelde;akwl
Apotheke am Markt;;59302;Oelde;akwl
Wibbelt-Apotheke;;59302;Oelde;akwl
Elefanten-Apotheke;;59302;Oelde;akwl
Burg-Apotheke Stromberg;;59302;Oelde;akwl
Meyers Apotheke;;59302;Oelde;akwl
Markt-Apotheke;;48607;Ochtrup;akwl
Marien-Apotheke;;48607;Ochtrup;akwl
Lamberti-Apotheke;;48607;Ochtrup;akwl
Alte Stadt-Apotheke;;48607;Ochtrup;akwl
Stifts-Apotheke OHG;;48301;Nottuln;akwl
Marien-Apotheke;;48301;Nottuln;akwl
Hirsch-Apotheke;;48301;Nottuln;akwl
Gerburgis-Apotheke;;48301;Nottuln;akwl
Rathaus-Apotheke;;48356;Nordwalde;akwl
Ludgerus-Apotheke;;48356;Nordwalde;akwl
Bären-Apotheke;;59394;Nordkirchen;akwl
Schwanen-Apotheke;;59394;Nordkirchen;akwl
Rathaus-Apotheke;;33039;Nieheim;akwl
St.Nikolaus-Apotheke;;33039;Nieheim;akwl
Neue Apotheke;;57290;Neunkirchen;akwl
Hellerthaler-Hirsch-Apotheke;;57290;Neunkirchen;akwl
Glückauf-Apotheke;;57290;Neunkirchen;akwl
Apotheke am Stadttor;;58809;Neuenrade;akwl
Gertruden-Apotheke;;58809;Neuenrade;akwl
Rosen-Apotheke;;48485;Neuenkirchen;akwl
Wigbold Apotheke;;48485;Neuenkirchen;akwl
Löwen-Apotheke OHG;;48485;Neuenkirchen;akwl
Johannland-Apotheke;;57250;Netphen;akwl
Sieg-Apotheke;;57250;Netphen;akwl
Rathaus-Apotheke;;57250;Netphen;akwl
Martini-Apotheke OHG;;57250;Netphen;akwl
Deuzer-Apotheke;;57250;Netphen;akwl
Phönix-Apotheke;;58769;Nachrodt-Wiblingwerde;akwl
Margareten-Apotheke;;48155;Münster;akwl
Apotheke am Paulushof;;48163;Münster;akwl
Lamberti-Apotheke am Bült;;48143;Münster;akwl
Hohenzollern Apotheke Im Marktkauf;;48155;Münster;akwl
easy-Apotheke Fried.-Ebert-Str;;48153;Münster;akwl
germania-DIE APOTHEKE;;48159;Münster;akwl
Rose-Apotheke Roxel;;48161;Münster;akwl
Von-Galen-Apotheke;;48159;Münster;akwl
Heide-Apotheke;;48157;Münster;akwl
klara apotheke im FranziskusCarré;;48145;Münster;akwl
Vital-Apotheke OHG;;48161;Münster;akwl
Gievenbecker Markt-Apotheke OHG;;48161;Münster;akwl
Kiepenkerl Apotheke Meesenstiege;;48165;Münster;akwl
Forum-Apotheke;;48161;Münster;akwl
Ludgeri-Apotheke am Erbdrostenhof;;48143;Münster;akwl
Apotheke am Clemenshospital;;48153;Münster;akwl
Brunnen Apotheke;;48163;Münster;akwl
Herz Apotheke;;48153;Münster;akwl
Apotheke im AuenViertel;;48161;Münster;akwl
Jahreszeiten-Apotheke;;48149;Münster;akwl
Bären-Apotheke in Albachten;;48163;Münster;akwl
Kiepenkerl Apotheke;;48143;Münster;akwl
Park-Apotheke;;48155;Münster;akwl
Ida-Apotheke;;48167;Münster;akwl
Hohenzollern Apotheke OHG;;48145;Münster;akwl
Regenbogen-Apotheke;;48155;Münster;akwl
Pluggendorf-Apotheke;;48151;Münster;akwl
Bonifatius-Apotheke;;48149;Münster;akwl
Rüschhaus-Apotheke;;48161;Münster;akwl
Kirch-Apotheke;;48165;Münster;akwl
Apotheke Am Burloh;;48159;Münster;akwl
Franziskus-Apotheke;;48145;Münster;akwl
Apotheke auf der Geist;;48151;Münster;akwl
Apotheke am Ring;;48147;Münster;akwl
Apotheke am Ludgeriplatz;;48151;Münster;akwl
West-Apotheke;;48149;Münster;akwl
Werse-Apotheke;;48157;Münster;akwl
Viktoria-Apotheke;;48145;Münster;akwl
Turm-Apotheke;;48147;Münster;akwl
Thomas-Apotheke;;48147;Münster;akwl
Süd-Apotheke;;48153;Münster;akwl
Stern-Apotheke;;48143;Münster;akwl
St.Georg-Apotheke;;48153;Münster;akwl
Sonnen-Apotheke;;48143;Münster;akwl
Sebastian-Apotheke;;48161;Münster;akwl
Rosen-Apotheke;;48165;Münster;akwl
Pictorius-Apotheke;;48153;Münster;akwl
Phoenix-Apotheke;;48151;Münster;akwl
Paulus-Apotheke;;48159;Münster;akwl
Osttor-Apotheke;;48165;Münster;akwl
Nord Apotheke;;48147;Münster;akwl
Nikolaus-Apotheke;;48167;Münster;akwl
Neutor-Apotheke;;48149;Münster;akwl
Markus Apotheke;;48143;Münster;akwl
Partus Markt-Apotheke;;48157;Münster;akwl
Marien-Apotheke;;48147;Münster;akwl
Mariannen-Apotheke;;48165;Münster;akwl
Ludgeri-Apotheke;;48143;Münster;akwl
Löwen-Apotheke;;48143;Münster;akwl
Linden-Apotheke;;48167;Münster;akwl
Kronen-Apotheke;;48153;Münster;akwl
Kreuz-Apotheke;;48147;Münster;akwl
Kosmas-Apotheke oHG;;48167;Münster;akwl
Kappenberg-Apotheke;;48151;Münster;akwl
Hubertus Apotheke Handorf;;48157;Münster;akwl
Hubertus-Apotheke;;48155;Münster;akwl
Hansa Apotheke;;48155;Münster;akwl
Hafen-Neustadt-Apotheke;;48155;Münster;akwl
Fortuna-Apotheke;;48145;Münster;akwl
Flora-Apotheke;;48149;Münster;akwl
Erpho-Apotheke;;48145;Münster;akwl
Engel-Apotheke;;48167;Münster;akwl
Engel-Apotheke;;48145;Münster;akwl
Einhorn-Apotheke;;48159;Münster;akwl
Dreilinden-Apotheke;;48159;Münster;akwl
Königs-Apotheke;;48143;Münster;akwl
Davert-Apotheke;;48163;Münster;akwl
Coerde-Apotheke;;48157;Münster;akwl
Clemens-Apotheke;;48165;Münster;akwl
Christophorus-Apotheke;;48143;Münster;akwl
DocMorris-Apotheke;;48151;Münster;akwl
Behring-Apotheke;;48159;Münster;akwl
Bahnhofs-Apotheke;;48143;Münster;akwl
Annette-von-Droste-Apotheke;;48161;Münster;akwl
Annette-Apotheke;;48161;Münster;akwl
Annen-Apotheke;;48163;Münster;akwl
Äskulap-Apotheke;;48167;Münster;akwl
Adler-Apotheke;;48143;Münster;akwl
Bären-Apotheke am Möhnesee;;59519;Möhnesee;akwl
Möhnesee-Apotheke;;59519;Möhnesee;akwl
Nord-Apotheke im Grillepark;;32423;Minden;akwl
Kürzel's Neue-Apotheke;;32425;Minden;akwl
Königstor Apotheke;;32427;Minden;akwl
Apotheke am Bürgerpark;;32429;Minden;akwl
Herz-Apotheke;;32423;Minden;akwl
West-Apotheke;;32427;Minden;akwl
Weser-Apotheke;;32423;Minden;akwl
Viktoria-Apotheke;;32423;Minden;akwl
Stifts-Apotheke;;32425;Minden;akwl
Sonnen-Apotheke;;32427;Minden;akwl
Scharn Apotheke;;32423;Minden;akwl
Nord-Apotheke;;32425;Minden;akwl
Marien-Apotheke;;32423;Minden;akwl
Linden-Apotheke;;32423;Minden;akwl
Kuhlenkamp-Apotheke;;32425;Minden;akwl
Driften-Apotheke;;32425;Minden;akwl
Brandsche Apotheke;;32427;Minden;akwl
Bahnhof-Apotheke;;32423;Minden;akwl
Apotheke am Preussenmuseum;;32423;Minden;akwl
Sonnen-Apotheke;;49497;Mettingen;akwl
Engel-Apotheke;;49497;Mettingen;akwl
Barbara-Apotheke;;49497;Mettingen;akwl
Malteser-Apotheke;;48629;Metelen;akwl
Bären-Apotheke;;59872;Meschede;akwl
Apotheke am Brunnen;;59872;Meschede;akwl
Ruhr-Apotheke;;59872;Meschede;akwl
Walburga-Apotheke;;59872;Meschede;akwl
St.Nikolaus-Apotheke;;59872;Meschede;akwl
Nord-Apotheke;;59872;Meschede;akwl
Marien-Apotheke;;59872;Meschede;akwl
Hirsch-Apotheke;;59872;Meschede;akwl
Glocken-Apotheke;;59872;Meschede;akwl
Gartenstadt-Apotheke;;59872;Meschede;akwl
nano apotheke;;58706;Menden;akwl
St. Vincenz-Apotheke;;58706;Menden;akwl
Lahrfeld-Apotheke;;58706;Menden;akwl
Dorf-Apotheke;;58708;Menden;akwl
Kolping-Apotheke;;58706;Menden;akwl
Apotheke Köster Lendringsen;;58710;Menden;akwl
Sonnen-Apotheke;;58706;Menden;akwl
Apotheke Köster;;58706;Menden;akwl
Neue Apotheke;;58706;Menden;akwl
Marien-Apotheke;;58710;Menden;akwl
Kreuz-Apotheke;;58706;Menden;akwl
Heide-Apotheke;;58708;Menden;akwl
Apotheke im multimedicum;;58540;Meinerzhagen;akwl
Apotheke zum Alten Teich;;58540;Meinerzhagen;akwl
Meinhardus-Apotheke;;58540;Meinerzhagen;akwl
Löwen-Apotheke;;58540;Meinerzhagen;akwl
Ihne-Apotheke;;58540;Meinerzhagen;akwl
Hirsch-Apotheke;;58540;Meinerzhagen;akwl
Birkeshöh-Apotheke;;58540;Meinerzhagen;akwl
Hanse-Apotheke;;59964;Medebach;akwl
Priv. Marien-Apotheke;;59964;Medebach;akwl
Cosmas-Apotheke;;59964;Medebach;akwl
Hirsch-Apotheke Westheim;;34431;Marsberg;akwl
Marien-Apotheke;;34431;Marsberg;akwl
Apotheke am Burghof;;34431;Marsberg;akwl
Sorgenfreys-Apotheke;;34431;Marsberg;akwl
Diemeltal-Apotheke;;34431;Marsberg;akwl
Finken-Apotheke am Marien Hospital;;45768;Marl;akwl
Stern-Apotheke am Kaufland;;45768;Marl;akwl
Finken-Apotheke im Klinikpark;;45770;Marl;akwl
Dorf-Apotheke;;45768;Marl;akwl
Markt-Apotheke;;45772;Marl;akwl
Arkaden-Apotheke;;45772;Marl;akwl
Finken-Apotheke;;45772;Marl;akwl
Hermann Brassert-Apotheke;;45768;Marl;akwl
Westfalen-Apotheke;;45770;Marl;akwl
Ursula-Apotheke;;45768;Marl;akwl
Stern-Apotheke;;45768;Marl;akwl
Max-Reger-Apotheke;;45772;Marl;akwl
Loe-Apotheke;;45770;Marl;akwl
Haard-Apotheke;;45770;Marl;akwl
Fortuna-Apotheke;;45768;Marl;akwl
Falken-Apotheke;;45770;Marl;akwl
Engel-Apotheke oHG;;45770;Marl;akwl
Elisabeth-Apotheke;;45768;Marl;akwl
Barkhaus-Apotheke;;45768;Marl;akwl
Äskulap-Apotheke;;45770;Marl;akwl
Amts-Apotheke;;37696;Marienmünster;akwl
Mersch Apotheke Brüning;;44534;Lünen;akwl
Colosseum Apotheke Brüning;;44534;Lünen;akwl
Apotheke am Park OHG;;44536;Lünen;akwl
Alte Apotheke Küppersbusch;;44532;Lünen;akwl
Delphin-Apotheke;;44534;Lünen;akwl
Marien-Apotheke;;44534;Lünen;akwl
Elefanten-Apotheke;;44532;Lünen;akwl
vom Stein-Apotheke;;44534;Lünen;akwl
Luisen-Apotheke;;44536;Lünen;akwl
Markt-Apotheke;;44532;Lünen;akwl
Apotheke am Hauptbahnhof;;44534;Lünen;akwl
Süggel-Apotheke;;44532;Lünen;akwl
Steinbock-Apotheke OHG;;44536;Lünen;akwl
Sonnen-Apotheke;;44536;Lünen;akwl
Römer-Apotheke;;44534;Lünen;akwl
Park-Apotheke;;44532;Lünen;akwl
Paracelsus-Apotheke;;44536;Lünen;akwl
Löwen-Apotheke;;44536;Lünen;akwl
Glückauf-Apotheke Streich OHG;;44536;Lünen;akwl
Glückauf-Apotheke;;44532;Lünen;akwl
Barbara-Apotheke;;44532;Lünen;akwl
Bären-Apotheke;;44534;Lünen;akwl
Altstadt-Apotheke;;44534;Lünen;akwl
Adler-Apotheke;;44532;Lünen;akwl
Apotheke am Köterberg;;32676;Lügde;akwl
Marien-Apotheke;;32676;Lügde;akwl
Arminius-Apotheke;;32676;Lügde;akwl
Dr. Graute's- Wolfsbergapotheke;;59348;Lüdinghausen;akwl
Schwanen-Apotheke;;59348;Lüdinghausen;akwl
Markt-Apotheke;;59348;Lüdinghausen;akwl
Marien-Apotheke;;59348;Lüdinghausen;akwl
Bären-Apotheke;;59348;Lüdinghausen;akwl
Burg-Apotheke;;59348;Lüdinghausen;akwl
Lünsche Apotheke;;58507;Lüdenscheid;akwl
PLUSPUNKT APOTHEKE IM STERN-CENTER;;58511;Lüdenscheid;akwl
Franken-Apotheke;;58509;Lüdenscheid;akwl
Philipp-Apotheke;;58511;Lüdenscheid;akwl
Engel-Apotheke;;58507;Lüdenscheid;akwl
Apotheke zur Kluse;;58511;Lüdenscheid;akwl
Apotheke am Kulturhaus;;58511;Lüdenscheid;akwl
Apotheke am Grünewald;;58507;Lüdenscheid;akwl
Staberg-Apotheke;;58511;Lüdenscheid;akwl
Schwanen-Apotheke;;58507;Lüdenscheid;akwl
Reichsadler-Apotheke;;58511;Lüdenscheid;akwl
Rats-Apotheke;;58511;Lüdenscheid;akwl
Post-Apotheke;;58507;Lüdenscheid;akwl
Park-Apotheke;;58507;Lüdenscheid;akwl
Löwen-Apotheke;;58511;Lüdenscheid;akwl
Hirsch-Apotheke;;58507;Lüdenscheid;akwl
Bären-Apotheke;;58515;Lüdenscheid;akwl
Bräucken-Apotheke;;58511;Lüdenscheid;akwl
Adler-Apotheke;;58511;Lüdenscheid;akwl
Nord-Apotheke;;32312;Lübbecke;akwl
Apotheke Gehlenbeck;;32312;Lübbecke;akwl
Gänsemarkt-Apotheke;;32312;Lübbecke;akwl
Apotheke zum Amtsgericht;;32312;Lübbecke;akwl
Stern-Apotheke;;32312;Lübbecke;akwl
Neue Apotheke;;32312;Lübbecke;akwl
Hünenbrink-Apotheke;;32312;Lübbecke;akwl
Bahnhof-Apotheke;;32312;Lübbecke;akwl
Rats-Apotheke;;49504;Lotte;akwl
Westfalen-Apotheke;;49504;Lotte;akwl
Rosen-Apotheke;;49504;Lotte;akwl
Werre-Apotheke;;32584;Löhne;akwl
Wittekind-Apotheke;;32584;Löhne;akwl
Sonnen-Apotheke;;32584;Löhne;akwl
Schwanen-Apotheke;;32584;Löhne;akwl
Löwen-Apotheke;;32584;Löhne;akwl
Goethe-Apotheke;;32584;Löhne;akwl
Aesculap-Apotheke;;32584;Löhne;akwl
Adler-Apotheke;;32584;Löhne;akwl
Panorama-Apotheke;;59557;Lippstadt;akwl
Delfin-Apotheke;;59557;Lippstadt;akwl
Apotheke am Ev. Krankenhaus;;59555;Lippstadt;akwl
Apotheke im real,-;;59557;Lippstadt;akwl
Linden-Apotheke;;59558;Lippstadt;akwl
Apotheke am Bahnhof;;59555;Lippstadt;akwl
Rathaus-Apotheke;;59555;Lippstadt;akwl
Süd-Apotheke;;59557;Lippstadt;akwl
Sonnen-Apotheke;;59558;Lippstadt;akwl
City-Apotheke;;59555;Lippstadt;akwl
Markt-Apotheke;;59555;Lippstadt;akwl
Löwen-Apotheke;;59555;Lippstadt;akwl
Kur-Apotheke;;59556;Lippstadt;akwl
Königsau-Apotheke;;59555;Lippstadt;akwl
Graf-Bernhard-Apotheke;;59558;Lippstadt;akwl
Fortuna-Apotheke;;59556;Lippstadt;akwl
Einhorn-Apotheke;;59555;Lippstadt;akwl
Blumen-Apotheke;;59555;Lippstadt;akwl
Bären-Apotheke;;59557;Lippstadt;akwl
Lippe-Apotheke;;59510;Lippetal;akwl
Stephanus Apotheke;;59510;Lippetal;akwl
Brücken-Apotheke;;59510;Lippetal;akwl
Teuto-Apotheke;;49536;Lienen;akwl
Apotheke zur Robbe;;49536;Lienen;akwl
Buchentor-Apotheke;;49536;Lienen;akwl
Engel-Apotheke;;33165;Lichtenau;akwl
Amts-Apotheke Atteln;;33165;Lichtenau;akwl
Leopold-Apotheke;;33818;Leopoldshöhe;akwl
Apotheke am Rathaus;;33818;Leopoldshöhe;akwl
Rosen-Apotheke;;33818;Leopoldshöhe;akwl
farma-plus-Apotheke;;57368;Lennestadt;akwl
Apotheke am Schützenplatz;;57368;Lennestadt;akwl
Agatha-Apotheke;;57368;Lennestadt;akwl
Lenne-Apotheke;;57368;Lennestadt;akwl
Johannis-Apotheke;;57368;Lennestadt;akwl
Jakobus-Apotheke;;57368;Lennestadt;akwl
Barbara-Apotheke;;57368;Lennestadt;akwl
Bahnhof-Apotheke;;57368;Lennestadt;akwl
Alte Apotheke;;57368;Lennestadt;akwl
Gempt-Apotheke;;49525;Lengerich;akwl
Regenbogen-Apotheke;;49525;Lengerich;akwl
Sonnen-Apotheke;;49525;Lengerich;akwl
Ost-Apotheke;;49525;Lengerich;akwl
Fuchs-Apotheke;;49525;Lengerich;akwl
Falken-Apotheke;;49525;Lengerich;akwl
Engel-Apotheke;;49525;Lengerich;akwl
Altstadt-Apotheke;;49525;Lengerich;akwl
Medica-Apotheke;;32657;Lemgo;akwl
Leopold-Apotheke;;32657;Lemgo;akwl
Engelbert-Kämpfer-Apotheke;;32657;Lemgo;akwl
Sonnen-Apotheke;;32657;Lemgo;akwl
Apotheke am Johannistor;;32657;Lemgo;akwl
Stern-Apotheke;;32657;Lemgo;akwl
Schloss-Apotheke;;32657;Lemgo;akwl
Rosen-Apotheke;;32657;Lemgo;akwl
Rats-Apotheke;;32657;Lemgo;akwl
Einhorn-Apotheke;;32657;Lemgo;akwl
Aesculap Apotheke;;32657;Lemgo;akwl
Hubertus Apotheke;;48739;Legden;akwl
Lambertus-Apotheke;;33449;Langenberg;akwl
Ross-Apotheke;;32791;Lage;akwl
Westtor-Apotheke;;32791;Lage;akwl
Flora-Apotheke;;32791;Lage;akwl
Schwanen-Apotheke;;32791;Lage;akwl
Hirsch-Apotheke am Markt;;32791;Lage;akwl
Vital-Apotheke e.K.;;48366;Laer;akwl
Ewaldi-Apotheke;;48366;Laer;akwl
Apotheke am Rott;;49549;Ladbergen;akwl
Center-Apotheke;;57334;Bad Laasphe;akwl
Rothaar-Apotheke;;57334;Bad Laasphe;akwl
Lachsbach-Apotheke;;57334;Bad Laasphe;akwl
Stadt-Apotheke;;57334;Bad Laasphe;akwl
Rathaus-Apotheke;;57334;Bad Laasphe;akwl
Hof-Apotheke;;57334;Bad Laasphe;akwl
Kolumbus-Apotheke;;57223;Kreuztal;akwl
Ahorn-Apotheke;;57223;Kreuztal;akwl
Apotheke Ferndorf oHG;;57223;Kreuztal;akwl
Löwen-Apotheke oHG;;57223;Kreuztal;akwl
Linden-Apotheke Krombach;;57223;Kreuztal;akwl
Lerchen-Apotheke oHG;;57223;Kreuztal;akwl
Kindelsberg-Apotheke;;57223;Kreuztal;akwl
Apotheke am Bahnhof;;32278;Kirchlengern;akwl
Apotheke am Fiemer;;32278;Kirchlengern;akwl
Stifts-Apotheke;;32278;Kirchlengern;akwl
Löwen-Apotheke;;32278;Kirchlengern;akwl
farma-plus-Apotheke;;57399;Kirchhundem;akwl
Hundem-Apotheke;;57399;Kirchhundem;akwl
St.Valentin-Apotheke;;57399;Kirchhundem;akwl
Apotheke am Wildenkuhlen;;58566;Kierspe;akwl
Rauk-Apotheke;;58566;Kierspe;akwl
Post-Apotheke;;58566;Kierspe;akwl
Montigny-Apotheke;;58566;Kierspe;akwl
Adler-Apotheke;;58566;Kierspe;akwl
Vital-Apotheke am Förderturm;;59174;Kamen;akwl
Severins-Apotheke;;59174;Kamen;akwl
Süd-Apotheke;;59174;Kamen;akwl
Max & Moritz Apotheke;;59174;Kamen;akwl
Adler-Apotheke;;59174;Kamen;akwl
Apotheke am Kämertor;;59174;Kamen;akwl
Westentor-Apotheke;;59174;Kamen;akwl
Rathaus-Apotheke;;59174;Kamen;akwl
Neumarkt-Apotheke;;59174;Kamen;akwl
Märkische-Apotheke;;59174;Kamen;akwl
Kaiserau-Apotheke;;59174;Kamen;akwl
Barbara-Apotheke;;59174;Kamen;akwl
Apotheke im Kalletal;;32689;Kalletal;akwl
Schloss-Apotheke;;32689;Kalletal;akwl
Neue Apotheke;;32689;Kalletal;akwl
Linden-Apotheke;;32689;Kalletal;akwl
Markt-Apotheke;;46419;Isselburg;akwl
Glocken-Apotheke;;46419;Isselburg;akwl
Overweg-Apotheke;;58642;Iserlohn;akwl
Linden-Apotheke;;58640;Iserlohn;akwl
Mühlen-Apotheke;;58640;Iserlohn;akwl
Markt-Apotheke;;58636;Iserlohn;akwl
Apotheke im Kaufland;;58636;Iserlohn;akwl
MEDI-Apotheke;;58638;Iserlohn;akwl
Apotheke im real,-;;58638;Iserlohn;akwl
Ring-Apotheke;;58636;Iserlohn;akwl
Kuhlo-Apotheke;;58644;Iserlohn;akwl
Schwanen-Apotheke;;58636;Iserlohn;akwl
Schiller-Apotheke;;58636;Iserlohn;akwl
Marien-Apotheke;;58644;Iserlohn;akwl
Löwen-Apotheke;;58638;Iserlohn;akwl
Kant-Apotheke;;58642;Iserlohn;akwl
Hellweg-Apotheke;;58642;Iserlohn;akwl
Heide-Apotheke;;58640;Iserlohn;akwl
Glückauf-Apotheke;;58636;Iserlohn;akwl
Engel-Apotheke;;58636;Iserlohn;akwl
Einhorn-Apotheke;;58636;Iserlohn;akwl
Burg Apotheke;;58640;Iserlohn;akwl
Brunnen-Apotheke;;58642;Iserlohn;akwl
Bären-Apotheke Dr.Büser;;58642;Iserlohn;akwl
Adler-Apotheke;;58642;Iserlohn;akwl
Apotheke Köster;;58636;Iserlohn;akwl
Apotheke im Marktkauf;;49477;Ibbenbüren;akwl
St.Hildegard-Apotheke;;49477;Ibbenbüren;akwl
Apotheke Bockraden;;49477;Ibbenbüren;akwl
St. Anna-Apotheke;;49477;Ibbenbüren;akwl
Atlas-Apotheke;;49477;Ibbenbüren;akwl
Dickenberg-Apotheke;;49479;Ibbenbüren;akwl
Antonius-Apotheke;;49479;Ibbenbüren;akwl
BärenApotheke am Alten Posthof;;49477;Ibbenbüren;akwl
Marien-Apotheke;;49479;Ibbenbüren;akwl
Apotheke am Oberen Markt;;49477;Ibbenbüren;akwl
Stern-Apotheke;;49477;Ibbenbüren;akwl
St.Barbara-Apotheke;;49479;Ibbenbüren;akwl
Rosen-Apotheke;;49477;Ibbenbüren;akwl
Glückauf-Apotheke;;49477;Ibbenbüren;akwl
Wittekind-Apotheke;;32609;Hüllhorst;akwl
Amts-Apotheke;;32609;Hüllhorst;akwl
City-Apotheke;;48612;Horstmar;akwl
Hirsch Apotheke;;48612;Horstmar;akwl
Rats-Apotheke;;32805;Horn-Bad Meinberg;akwl
Wall-Apotheke;;32805;Horn-Bad Meinberg;akwl
Kronen-Apotheke;;32805;Horn-Bad Meinberg;akwl
Bad-Apotheke;;32805;Horn-Bad Meinberg;akwl
Globus-Apotheke OHG;;48496;Hopsten;akwl
Avie Apotheke im Borsig-Center;;59439;Holzwickede;akwl
Rathaus-Apotheke;;59439;Holzwickede;akwl
Allee-Apotheke;;59439;Holzwickede;akwl
Apotheke am Ansgar;;37671;Höxter;akwl
Kiliani-Apotheke;;37671;Höxter;akwl
Wemmel's Apotheke;;37671;Höxter;akwl
Rats-Apotheke;;37671;Höxter;akwl
Petri-Apotheke;;37671;Höxter;akwl
Marien-Apotheke;;37671;Höxter;akwl
Malteser-Apotheke;;37671;Höxter;akwl
Hansa-Apotheke;;37671;Höxter;akwl
Corvinus-Apotheke;;37671;Höxter;akwl
Eichen-Apotheke;;33161;Hövelhof;akwl
Senne-Apotheke;;33161;Hövelhof;akwl
Ems-Apotheke;;33161;Hövelhof;akwl
Reinhildis-Apotheke;;48477;Hörstel;akwl
Antonius Apotheke;;48477;Hörstel;akwl
Marien-Apotheke;;48477;Hörstel;akwl
Linden-Apotheke;;48477;Hörstel;akwl
Kreuz-Apotheke;;48477;Hörstel;akwl
Burg-Apotheke;;48477;Hörstel;akwl
Mühlen-Apotheke;;32479;Hille;akwl
Wiehen-Apotheke;;32479;Hille;akwl
Stahlberg-Apotheke;;57271;Hilchenbach;akwl
Stadt-Apotheke;;57271;Hilchenbach;akwl
Ginsburg-Apotheke;;57271;Hilchenbach;akwl
Elch-Apotheke;;57271;Hilchenbach;akwl
Wittekind-Apotheke;;32120;Hiddenhausen;akwl
Werre-Apotheke;;32120;Hiddenhausen;akwl
Sonnen-Apotheke;;32120;Hiddenhausen;akwl
Reesberg-Apotheke;;32120;Hiddenhausen;akwl
Linden-Apotheke;;32120;Hiddenhausen;akwl
Marien-Apotheke;;33442;Herzebrock-Clarholz;akwl
Christopherus-Apotheke;;33442;Herzebrock-Clarholz;akwl
Alte Apotheke;;33442;Herzebrock-Clarholz;akwl
Viva-Apotheke Dr. Rückstein;;45699;Herten;akwl
Forum-Apotheke OHG;;45699;Herten;akwl
Apotheke im Cirkel;;45699;Herten;akwl
abc apotheke;;45701;Herten;akwl
Süd-Apotheke;;45699;Herten;akwl
Ahorn-Apotheke;;45699;Herten;akwl
Distel-Apotheke;;45699;Herten;akwl
Bären-Apotheke;;45699;Herten;akwl
Rathaus-Apotheke;;45701;Herten;akwl
Phönix-Apotheke;;45701;Herten;akwl
Nord-Apotheke;;45701;Herten;akwl
Martinus-Apotheke OHG;;45701;Herten;akwl
Heide-Apotheke;;45699;Herten;akwl
Glückauf-Apotheke;;45701;Herten;akwl
City-Apotheke;;45699;Herten;akwl
Bußmann's Barbara-Apotheke;;45701;Herten;akwl
Antonius-Apotheke;;45699;Herten;akwl
Markt-Apotheke;;45699;Herten;akwl
Dorf-Apotheke;;58849;Herscheid;akwl
Convita-Apotheke am EvK Eickel;;44651;Herne;akwl
Kompass-Apotheke am EvK;;44623;Herne;akwl
Convita-Apotheke an der Akademie;;44627;Herne;akwl
DIE NEUE APOTHEKE in der BAHNHOFSTRASSE;;44623;Herne;akwl
Alpha-Apotheke;;44651;Herne;akwl
Ahorn-Apotheke;;44649;Herne;akwl
Apotheke an der Kreuzkirche;;44623;Herne;akwl
Pinguin-Apotheke;;44623;Herne;akwl
Apotheke am Stadtgarten;;44649;Herne;akwl
DIE NEUE APOTHEKE in SODINGEN;;44627;Herne;akwl
Süd-Apotheke;;44652;Herne;akwl
Sonnen-Apotheke;;44623;Herne;akwl
Ruhr-Apotheke;;44649;Herne;akwl
Rathaus-Apotheke;;44623;Herne;akwl
Neue Phönix-Apotheke in Herne;;44623;Herne;akwl
Paracelsus-Apotheke;;44649;Herne;akwl
Neumarkt-Apotheke;;44623;Herne;akwl
DIE NEUE APOTHEKE am BUSBAHNHOF HERNE MITTE;;44623;Herne;akwl
Markt-Apotheke;;44651;Herne;akwl
Kronen-Apotheke;;44623;Herne;akwl
Horst-Apotheke;;44625;Herne;akwl
Haranni-Apotheke;;44623;Herne;akwl
Glocken-Apotheke;;44651;Herne;akwl
Flora-Apotheke in Crange;;44649;Herne;akwl
Engel-Apotheke;;44623;Herne;akwl
Panda-Apotheke;;44651;Herne;akwl
Blaue Apotheke Herne;;44623;Herne;akwl
Berg- und Hütten-Apotheke;;44627;Herne;akwl
Bahnhof-Apotheke;;44629;Herne;akwl
Flora-Apotheke in Eickel;;44651;Herne;akwl
Aesculap-Apotheke;;44625;Herne;akwl
Vital-Apotheke im Marktkauf;;32051;Herford;akwl
Merkur-Apotheke;;32051;Herford;akwl
Sonnen-Apotheke;;32049;Herford;akwl
Apotheke Berliner Strasse;;32052;Herford;akwl
Apotheke am Renntor;;32052;Herford;akwl
Uhland-Apotheke;;32051;Herford;akwl
Stern-Apotheke;;32052;Herford;akwl
Pinguin-Apotheke;;32049;Herford;akwl
Neustädter Apotheke;;32052;Herford;akwl
Mohren-Apotheke;;32049;Herford;akwl
Mönch-Apotheke;;32052;Herford;akwl
Marien-Apotheke;;32049;Herford;akwl
Hubertus-Apotheke;;32052;Herford;akwl
Arminius-Apotheke;;32049;Herford;akwl
Altstädter-Apotheke;;32052;Herford;akwl
Adler-Apotheke;;32052;Herford;akwl
Sonnen-Apotheke;;58313;Herdecke;akwl
Apotheke Auf dem Schnee;;58313;Herdecke;akwl
Post-Apotheke;;58313;Herdecke;akwl
Löwen-Apotheke;;58313;Herdecke;akwl
Bismarck-Apotheke;;58313;Herdecke;akwl
Adler-Apotheke;;58313;Herdecke;akwl
Avie-Apotheke im Medio-Center;;58675;Hemer;akwl
Urbecker-Apotheke im real-;;58675;Hemer;akwl
Brunnen-Apotheke;;58675;Hemer;akwl
Apotheke am Alten Amt;;58675;Hemer;akwl
Westiger-Apotheke;;58675;Hemer;akwl
Storchen-Apotheke;;58675;Hemer;akwl
Sonnen-Apotheke;;58675;Hemer;akwl
Hönnetal-Apotheke;;58675;Hemer;akwl
PLUSPUNKT APOTHEKE HEMER;;58675;Hemer;akwl
Düwelsteen-Apotheke;;46359;Heiden;akwl
Maiboeken-Apotheke;;46359;Heiden;akwl
Ludgeri-Apotheke;;48619;Heek;akwl
Blick-Apotheke;;48329;Havixbeck;akwl
Apotheke am Rathaus;;48329;Havixbeck;akwl
Rosen-Apotheke;;48329;Havixbeck;akwl
Baumberg Apotheke OHG;;48329;Havixbeck;akwl
Altstadt Apotheke;;45525;Hattingen;akwl
Apotheke am Rathausplatz;;45525;Hattingen;akwl
Jägers Carré-Apotheke;;45525;Hattingen;akwl
Westfalen-Apotheke Innenstadt;;45525;Hattingen;akwl
Westfalen-Apotheke am ev. Krankenhaus;;45525;Hattingen;akwl
Westfalen-Apotheke Welper;;45527;Hattingen;akwl
Weiltor-Apotheke;;45525;Hattingen;akwl
Straussen-Apotheke;;45525;Hattingen;akwl
Jägers Paracelsus-Apotheke;;45525;Hattingen;akwl
Nord-Apotheke;;45529;Hattingen;akwl
Hubertus-Apotheke;;45525;Hattingen;akwl
Bismarck-Apotheke;;45525;Hattingen;akwl
Bergische-Apotheke;;45529;Hattingen;akwl
Löwen-Apotheke;;33428;Harsewinkel;akwl
Marien-Apotheke;;33428;Harsewinkel;akwl
Hirsch-Apotheke;;33428;Harsewinkel;akwl
Engel-Apotheke;;33428;Harsewinkel;akwl
Martin-Luther-Apotheke;;59065;Hamm;akwl
Apotheke im real,-;;59073;Hamm;akwl
Apotheke am EVK Hamm;;59063;Hamm;akwl
Von-Kleist-Apotheke;;59065;Hamm;akwl
Elefanten-Apotheke;;59065;Hamm;akwl
Allee-Center-Apotheke;;59065;Hamm;akwl
Maxi-Center-Apotheke;;59071;Hamm;akwl
Pinguin-Apotheke;;59067;Hamm;akwl
Strauss-Apotheke OHG;;59075;Hamm;akwl
Linden-Apotheke;;59069;Hamm;akwl
Apotheke am Pelkumer Platz;;59077;Hamm;akwl
Phönix-Apotheke;;59065;Hamm;akwl
Paracelsus-Apotheke;;59071;Hamm;akwl
Glocken-Apotheke,Beckamp- Koschowsky und Müller OHG;;59075;Hamm;akwl
Finken-Apotheke;;59077;Hamm;akwl
Dorf-Apotheke;;59077;Hamm;akwl
Westfalen-Apotheke;;59063;Hamm;akwl
Süd-Apotheke;;59065;Hamm;akwl
Stephanus-Apotheke;;59075;Hamm;akwl
Spitzweg-Apotheke;;59065;Hamm;akwl
Sonnen-Apotheke;;59073;Hamm;akwl
West-Apotheke;;59067;Hamm;akwl
Sachsen-Apotheke oHG;;59073;Hamm;akwl
Rathaus-Apotheke;;59075;Hamm;akwl
Ost-Apotheke;;59071;Hamm;akwl
Nord-Apotheke;;59065;Hamm;akwl
Nikolaus-Apotheke;;59071;Hamm;akwl
Maximilian-Apotheke;;59071;Hamm;akwl
Löwen-Apotheke;;59065;Hamm;akwl
Kiepenkerl-Apotheke;;59073;Hamm;akwl
Bären-Apotheke Herringen;;59077;Hamm;akwl
Hirsch-Apotheke;;59069;Hamm;akwl
Hirsch-Apotheke am Hauptbahnhof;;59065;Hamm;akwl
Glückauf-Apotheke-Werries;;59071;Hamm;akwl
Glückauf-Apotheke;;59077;Hamm;akwl
Engel-Apotheke;;59075;Hamm;akwl
Einhorn-Apotheke;;59065;Hamm;akwl
Dorotheen-Apotheke;;59075;Hamm;akwl
Damberg-Apotheke;;59069;Hamm;akwl
Barbara-Apotheke;;59077;Hamm;akwl
Alte Apotheke;;59077;Hamm;akwl
Adler-Apotheke;;59065;Hamm;akwl
Atlantis-Apotheke;;58553;Halver;akwl
Rats-Apotheke;;58553;Halver;akwl
Alte Hirsch-Apotheke;;58553;Halver;akwl
Lipptor-Apotheke;;45721;Haltern am See;akwl
Sixtus-Apotheke;;45721;Haltern am See;akwl
Lambertus-Apotheke;;45721;Haltern am See;akwl
Westfalen-Apotheke;;45721;Haltern am See;akwl
Römer-Apotheke;;45721;Haltern am See;akwl
Park-Apotheke;;45721;Haltern am See;akwl
Hirsch-Apotheke;;45721;Haltern am See;akwl
Falken-Apotheke;;45721;Haltern am See;akwl
Bären-Apotheke;;45721;Haltern am See;akwl
Brunnen-Apotheke;;59969;Hallenberg;akwl
Stadt-Apotheke;;59969;Hallenberg;akwl
Haller Herz-Apotheke;;33790;Halle;akwl
Linden-Apotheke;;33790;Halle;akwl
Hubertus-Apotheke;;33790;Halle;akwl
Hansa-Apotheke;;33790;Halle;akwl
Robin-Apotheke im real,-;;58099;Hagen;akwl
Storchen-Apotheke;;58135;Hagen;akwl
Leonardo Apotheke;;58097;Hagen;akwl
Cuno-Apotheke;;58093;Hagen;akwl
Altstadt-Apotheke;;58135;Hagen;akwl
Lenne-Apotheke;;58119;Hagen;akwl
Kaisberg-Apotheke;;58089;Hagen;akwl
Einhorn-Apotheke;;58091;Hagen;akwl
Hestert-Apotheke;;58135;Hagen;akwl
Dorfplatz-Apotheke;;58119;Hagen;akwl
Apotheke in Eppenhausen;;58093;Hagen;akwl
Theater-Apotheke;;58095;Hagen;akwl
Wilhelms-Apotheke;;58089;Hagen;akwl
Westfalen-Apotheke;;58095;Hagen;akwl
Victoria-Apotheke am Wilhelmsplatz;;58089;Hagen;akwl
Sonnen-Apotheke;;58091;Hagen;akwl
Sonnen-Apotheke;;58119;Hagen;akwl
Schwan-Apotheke;;58091;Hagen;akwl
Schloss-Apotheke;;58119;Hagen;akwl
Sauerland-Apotheke;;58099;Hagen;akwl
Rathaus-Apotheke Internationale Apotheke;;58095;Hagen;akwl
Quambusch-Apotheke;;58135;Hagen;akwl
Neue Apotheke;;58097;Hagen;akwl
Markt-Apotheke;;58119;Hagen;akwl
Löwen-Apotheke;;58135;Hagen;akwl
Löwen-Apotheke;;58097;Hagen;akwl
Kronen-Apotheke;;58097;Hagen;akwl
Jupiter-Apotheke Im Stadtfenster;;58095;Hagen;akwl
Johannes-Apotheke;;58099;Hagen;akwl
Hubertus-Apotheke;;58135;Hagen;akwl
Hohenzollern Apotheke Boele;;58099;Hagen;akwl
Heide-Apotheke;;58099;Hagen;akwl
Germania Apotheke;;58095;Hagen;akwl
Emster-Apotheke;;58093;Hagen;akwl
Elseyer-Apotheke;;58119;Hagen;akwl
Elisabeth-Apotheke;;58095;Hagen;akwl
Eckeseyer-Apotheke;;58089;Hagen;akwl
Berghof-Apotheke;;58097;Hagen;akwl
Arminius-Apotheke;;58099;Hagen;akwl
Alte Apotheke;;58119;Hagen;akwl
Adler-Apotheke;;58095;Hagen;akwl
Center-Apotheke;;33332;Gütersloh;akwl
Apotheke im Elisabeth-Carreé;;33332;Gütersloh;akwl
Fuchs-Apotheke;;33335;Gütersloh;akwl
Adler-Apotheke am Klinikum;;33332;Gütersloh;akwl
Pluspunkt-Apotheke;;33330;Gütersloh;akwl
Center-Apotheke im Minipreis;;33330;Gütersloh;akwl
Marien-Apotheke;;33332;Gütersloh;akwl
Stern-Apotheke;;33334;Gütersloh;akwl
Friedrichsdorfer Apotheke;;33335;Gütersloh;akwl
Apotheke am ZOB;;33330;Gütersloh;akwl
Park-Apotheke;;33332;Gütersloh;akwl
DocMorris Apotheke in der Spiekergasse;;33330;Gütersloh;akwl
Westfalen-Apotheke;;33330;Gütersloh;akwl
Süd-Apotheke;;33332;Gütersloh;akwl
Storchen-Apotheke;;33332;Gütersloh;akwl
Spexarder-Apotheke;;33334;Gütersloh;akwl
Sonnen-Apotheke;;33330;Gütersloh;akwl
Rosen-Apotheke;;33330;Gütersloh;akwl
Rats-Apotheke;;33335;Gütersloh;akwl
Nord-Apotheke;;33330;Gütersloh;akwl
Mohren-Apotheke;;33330;Gütersloh;akwl
Löwen-Apotheke OHG;;33330;Gütersloh;akwl
Krönig'sche Apotheke;;33330;Gütersloh;akwl
Isselhorster Apotheke;;33334;Gütersloh;akwl
Bahnhof-Apotheke;;33335;Gütersloh;akwl
Bahnhof-Apotheke;;33332;Gütersloh;akwl
Bad-Apotheke;;33330;Gütersloh;akwl
Adler-Apotheke;;33330;Gütersloh;akwl
Vital-Apotheke;;48599;Gronau;akwl
Einhorn-Apotheke;;48599;Gronau;akwl
Flora-Apotheke;;48599;Gronau;akwl
Sonnen-Apotheke;;48599;Gronau;akwl
Merian-Apotheke;;48599;Gronau;akwl
Markus-Apotheke;;48599;Gronau;akwl
Marien-Apotheke;;48599;Gronau;akwl
Marien-Apotheke;;48599;Gronau;akwl
Hubertus-Apotheke;;48599;Gronau;akwl
Hirsch-Apotheke;;48599;Gronau;akwl
Antonius-Apotheke;;48599;Gronau;akwl
Adler-Apotheke;;48599;Gronau;akwl
Adler-Apotheke am Krankenhaus MJH;;48268;Greven;akwl
Stadttor-Apotheke;;48268;Greven;akwl
Franziskus-Apotheke;;48268;Greven;akwl
Josef-Apotheke;;48268;Greven;akwl
Königs-Apotheke;;48268;Greven;akwl
Sonnen-Apotheke;;48268;Greven;akwl
Marien-Apotheke;;48268;Greven;akwl
Hubertus-Apotheke;;48268;Greven;akwl
Germania-Apotheke;;48268;Greven;akwl
Adler-Apotheke;;48268;Greven;akwl
Delphin-Apotheke;;45966;Gladbeck;akwl
Bären-Apotheke;;45964;Gladbeck;akwl
Holzwarth-Apotheke;;45966;Gladbeck;akwl
Einhorn-Apotheke;;45964;Gladbeck;akwl
Linden-Apotheke;;45966;Gladbeck;akwl
Kiebitzheide-Apotheke;;45968;Gladbeck;akwl
Punkt-Apotheke;;45964;Gladbeck;akwl
Elefanten-Apotheke;;45964;Gladbeck;akwl
Apotheke im City-Center;;45964;Gladbeck;akwl
Wittringer-Apotheke;;45964;Gladbeck;akwl
Rosen-Apotheke;;45968;Gladbeck;akwl
Pfau-Apotheke;;45966;Gladbeck;akwl
Marien-Apotheke;;45968;Gladbeck;akwl
Hirsch-Apotheke;;45966;Gladbeck;akwl
Glückauf-Apotheke;;45964;Gladbeck;akwl
Dr.Kuhns-Apotheke;;45964;Gladbeck;akwl
Damian-Apotheke;;45964;Gladbeck;akwl
Barbara-Apotheke;;45964;Gladbeck;akwl
Linden-Apotheke;;58285;Gevelsberg;akwl
Sonnen-Apotheke OHG;;58285;Gevelsberg;akwl
Markt-Apotheke;;58285;Gevelsberg;akwl
Schnellmark-Apotheke;;58285;Gevelsberg;akwl
Rats-Apotheke;;58285;Gevelsberg;akwl
Höhendorf-Apotheke;;58285;Gevelsberg;akwl
Engelbert-Apotheke;;58285;Gevelsberg;akwl
Adler-Apotheke;;58285;Gevelsberg;akwl
Westtor-Apotheke;;59590;Geseke;akwl
Sonnen-Apotheke;;59590;Geseke;akwl
Priv. Markt-Apotheke;;59590;Geseke;akwl
Marien-Apotheke;;59590;Geseke;akwl
Hellweg-Apotheke;;59590;Geseke;akwl
Post-Apotheke;;48712;Gescher;akwl
Marien-Apotheke;;48712;Gescher;akwl
Hirsch-Apotheke;;48712;Gescher;akwl
Dom-Apotheke;;45894;Gelsenkirchen;akwl
Apotheke Nabi;;45897;Gelsenkirchen;akwl
Apotheke Petri;;45894;Gelsenkirchen;akwl
farma-plus Apotheke Beuth im Marktkauf;;45891;Gelsenkirchen;akwl
Neue Schaffrather Apotheke;;45897;Gelsenkirchen;akwl
farma-plus Apotheke Beuth in Erle;;45891;Gelsenkirchen;akwl
Apotheke Senden;;45897;Gelsenkirchen;akwl
Marien-Apotheke;;45894;Gelsenkirchen;akwl
Paracelsus-Apotheke;;45883;Gelsenkirchen;akwl
Bären Apotheke;;45879;Gelsenkirchen;akwl
Frankamp-Apotheke;;45891;Gelsenkirchen;akwl
Adler-Apotheke;;45892;Gelsenkirchen;akwl
Apotheke Eppmannshof;;45896;Gelsenkirchen;akwl
Sonnen-Apotheke;;45899;Gelsenkirchen;akwl
Schloss-Apotheke;;45891;Gelsenkirchen;akwl
Reh-Apotheke;;45899;Gelsenkirchen;akwl
Rathaus-Apotheke;;45897;Gelsenkirchen;akwl
Middelicher-Apotheke;;45891;Gelsenkirchen;akwl
Ludgeri-Apotheke;;45897;Gelsenkirchen;akwl
Kirch-Apotheke;;45891;Gelsenkirchen;akwl
Hohenzollern-Apotheke;;45896;Gelsenkirchen;akwl
Fortuna-Apotheke;;45896;Gelsenkirchen;akwl
Forst-Apotheke;;45891;Gelsenkirchen;akwl
Ewald-Apotheke;;45892;Gelsenkirchen;akwl
Engel-Apotheke;;45896;Gelsenkirchen;akwl
Emscher-Apotheke;;45892;Gelsenkirchen;akwl
Elisabeth-Apotheke Hassel;;45896;Gelsenkirchen;akwl
Cäcilien-Apotheke;;45892;Gelsenkirchen;akwl
Elisabeth-Apotheke Buer;;45894;Gelsenkirchen;akwl
Buersche Falken-Apotheke;;45894;Gelsenkirchen;akwl
Buersche Alte Apotheke;;45894;Gelsenkirchen;akwl
Buchen-Apotheke;;45896;Gelsenkirchen;akwl
Alte Apotheke;;45891;Gelsenkirchen;akwl
Apotheke im Hauptbahnhof;;45879;Gelsenkirchen;akwl
Panda-Apotheke;;45888;Gelsenkirchen;akwl
Maximilian-Apotheke;;45894;Gelsenkirchen;akwl
Max & Moritz-Apotheke;;45879;Gelsenkirchen;akwl
Apotheke am Preuteplatz;;45879;Gelsenkirchen;akwl
Weber-Apotheke;;45879;Gelsenkirchen;akwl
Tossehof-Apotheke;;45888;Gelsenkirchen;akwl
Süd-Apotheke;;45899;Gelsenkirchen;akwl
Stern-Apotheke;;45888;Gelsenkirchen;akwl
Stern-Apotheke;;45899;Gelsenkirchen;akwl
Schwan-Apotheke;;45886;Gelsenkirchen;akwl
Schloss-Apotheke;;45899;Gelsenkirchen;akwl
Rosen-Apotheke;;45879;Gelsenkirchen;akwl
Park-Apotheke;;45888;Gelsenkirchen;akwl
Osterfeld-Apotheke;;45886;Gelsenkirchen;akwl
Schalker Apotheke;;45881;Gelsenkirchen;akwl
Die Mohren Apotheke;;45886;Gelsenkirchen;akwl
ABC-Apotheke;;45879;Gelsenkirchen;akwl
Kronen-Apotheke;;45879;Gelsenkirchen;akwl
Kreuz-Apotheke;;45886;Gelsenkirchen;akwl
Hubertus-Apotheke;;45899;Gelsenkirchen;akwl
Haverkamp-Apotheke;;45889;Gelsenkirchen;akwl
Hans Sachs Apotheke;;45879;Gelsenkirchen;akwl
Glocken-Apotheke;;45889;Gelsenkirchen;akwl
Flora-Apotheke;;45888;Gelsenkirchen;akwl
Einhorn-Apotheke;;45883;Gelsenkirchen;akwl
Barbara-Apotheke;;45884;Gelsenkirchen;akwl
Anker-Apotheke;;45879;Gelsenkirchen;akwl
Alte Elefanten-Apotheke;;45899;Gelsenkirchen;akwl
Alte Apotheke;;45879;Gelsenkirchen;akwl
Adler-Apotheke;;45888;Gelsenkirchen;akwl
Ruhr-Apotheke;;58730;Fröndenberg;akwl
Stifts-Apotheke;;58730;Fröndenberg;akwl
Markt-Apotheke;;58730;Fröndenberg;akwl
Hubertus-Apotheke;;58730;Fröndenberg;akwl
Bären-Apotheke;;57258;Freudenberg;akwl
Sonnen-Apotheke;;57258;Freudenberg;akwl
Rosen-Apotheke;;57258;Freudenberg;akwl
Schloss-Apotheke;;57413;Finnentrop;akwl
Katharinen Apotheke;;57413;Finnentrop;akwl
Sonnen-Apotheke;;57413;Finnentrop;akwl
Alte Apotheke;;57413;Finnentrop;akwl
Apotheke in Almena;;32699;Extertal;akwl
Sternberg-Apotheke;;32699;Extertal;akwl
Exter-Apotheke;;32699;Extertal;akwl
Bären-Apotheke;;48351;Everswinkel;akwl
Sertürner-Apotheke;;48351;Everswinkel;akwl
Panda-Apotheke;;32339;Espelkamp;akwl
Kastanien-Apotheke;;32339;Espelkamp;akwl
Ostland-Apotheke;;32339;Espelkamp;akwl
Rats-Apotheke;;32339;Espelkamp;akwl
City-Apotheke;;32339;Espelkamp;akwl
Freiherr vom Stein-Apotheke;;32339;Espelkamp;akwl
Schwanen-Apotheke;;59889;Eslohe;akwl
Rosen-Apotheke;;59889;Eslohe;akwl
Laurentius-Apotheke;;59597;Erwitte;akwl
Brunnen-Apotheke;;59597;Erwitte;akwl
Adler-Apotheke;;59597;Erwitte;akwl
Arkaden-Apotheke;;57339;Erndtebrück;akwl
Brücken-Apotheke;;57339;Erndtebrück;akwl
Forum-Apotheke;;57339;Erndtebrück;akwl
Bären-Apotheke;;59469;Ense;akwl
Stern-Apotheke;;59469;Ense;akwl
Maximilian-Apotheke;;59320;Ennigerloh;akwl
Mauritius-Apotheke;;59320;Ennigerloh;akwl
Margarethen-Apotheke;;59320;Ennigerloh;akwl
Apotheke Hake;;59320;Ennigerloh;akwl
Kreuz-Apotheke;;59320;Ennigerloh;akwl
Sonnen-Apotheke;;59320;Ennigerloh;akwl
Engel-Apotheke;;59320;Ennigerloh;akwl
Apotheke im Marktkauf;;58256;Ennepetal;akwl
Fuchs-Apotheke Ennepetal;;58256;Ennepetal;akwl
St.Georg-Apotheke;;58256;Ennepetal;akwl
Sonnen-Apotheke;;58256;Ennepetal;akwl
Linden-Apotheke;;58256;Ennepetal;akwl
Klutert-Apotheke;;58256;Ennepetal;akwl
Fortuna-Apotheke;;58256;Ennepetal;akwl
Bahnhof-Apotheke;;58256;Ennepetal;akwl
Apotheke in Westerenger;;32130;Enger;akwl
Wittekind-Apotheke;;32130;Enger;akwl
Sonnen-Apotheke;;32130;Enger;akwl
Mühlen-Apotheke;;32130;Enger;akwl
Apotheke am Marienhospital;;48282;Emsdetten;akwl
Gesundbrunnen-Apotheke;;48282;Emsdetten;akwl
Westfalen-Apotheke;;48282;Emsdetten;akwl
Spitzweg-Apotheke;;48282;Emsdetten;akwl
Sonnen-Apotheke;;48282;Emsdetten;akwl
Rosen-Apotheke;;48282;Emsdetten;akwl
Markt Apotheke;;48282;Emsdetten;akwl
Marien-Apotheke;;48282;Emsdetten;akwl
Löwen-Apotheke;;48282;Emsdetten;akwl
Adler-Apotheke;;48282;Emsdetten;akwl
Apotheke am Spieker;;48249;Dülmen;akwl
Sonnen-Apotheke;;48249;Dülmen;akwl
Dr. Graute's Tiber-Apotheke;;48249;Dülmen;akwl
Bären-Apotheke;;48249;Dülmen;akwl
Markt-Apotheke;;48249;Dülmen;akwl
Hirsch-Apotheke;;48249;Dülmen;akwl
Dorotheen-Apotheke;;48249;Dülmen;akwl
Dr. Graute's Adler-Apotheke;;48249;Dülmen;akwl
Clemens-Apotheke;;57489;Drolshagen;akwl
Alte Apotheke;;57489;Drolshagen;akwl
Maximilian-Apotheke;;48317;Drensteinfurt;akwl
Apotheke-Rinkerode;;48317;Drensteinfurt;akwl
Wagenfeld-Apotheke;;48317;Drensteinfurt;akwl
Stadt-Apotheke;;48317;Drensteinfurt;akwl
Venus-Apotheke;;44137;Dortmund;akwl
Apotheke am Phoenixsee;;44263;Dortmund;akwl
Apotheke Streich Brechten oHG;;44339;Dortmund;akwl
Apotheke am Hörder Neumarkt;;44263;Dortmund;akwl
Apotheke am Knappschaftskrankenhaus;;44309;Dortmund;akwl
Apotheke im WEZ;;44145;Dortmund;akwl
Apotheke Neue Evinger Mitte;;44339;Dortmund;akwl
Apotheke im Kaufland Körne;;44143;Dortmund;akwl
Josefs-Apotheke;;44263;Dortmund;akwl
Apotheke im Harkortbogen;;44225;Dortmund;akwl
Apotheke im real,-;;44287;Dortmund;akwl
Rodenberg-Apotheke;;44287;Dortmund;akwl
Stern-Apotheke;;44359;Dortmund;akwl
Münster-Apotheke;;44145;Dortmund;akwl
Nathebach Apotheke;;44287;Dortmund;akwl
Magnum-Apotheke;;44135;Dortmund;akwl
Urbanus-Apotheke;;44369;Dortmund;akwl
Stein-Apotheke;;44147;Dortmund;akwl
Beguinen-Apotheke;;44388;Dortmund;akwl
Guten Tag-Apotheke im real,- Indupark;;44149;Dortmund;akwl
Corso-Apotheke;;44137;Dortmund;akwl
Godekin-Apotheke;;44265;Dortmund;akwl
Pinguin-Apotheke;;44263;Dortmund;akwl
Tremonia-Apotheke;;44149;Dortmund;akwl
Max & Moritz-Apotheke;;44145;Dortmund;akwl
Eichholz-Apotheke;;44289;Dortmund;akwl
Remigius-Apotheke;;44359;Dortmund;akwl
Viktoria-Apotheke;;44137;Dortmund;akwl
Paracelsus-Apotheke;;44328;Dortmund;akwl
Katharinen-Apotheke;;44379;Dortmund;akwl
Damian-Apotheke;;44263;Dortmund;akwl
Ahorn-Apotheke;;44319;Dortmund;akwl
Punkt-Apotheke;;44357;Dortmund;akwl
Park-Apotheke;;44143;Dortmund;akwl
Apotheke Wellinghofen;;44265;Dortmund;akwl
Apotheke am Westfalenhaus;;44137;Dortmund;akwl
Ausbüttels Apotheke im eks;;44328;Dortmund;akwl
Apotheke an der Wasserburg;;44379;Dortmund;akwl
Bären-Apotheke Brackel;;44309;Dortmund;akwl
Apotheke am Tierpark;;44225;Dortmund;akwl
Apotheke Am Rahmer Berg;;44369;Dortmund;akwl
Apotheke am Hansaplatz;;44137;Dortmund;akwl
Apotheke am Hackländerplatz;;44145;Dortmund;akwl
Apotheke am Externberg;;44339;Dortmund;akwl
Zollern-Apotheke;;44388;Dortmund;akwl
Zehnthof-Apotheke;;44143;Dortmund;akwl
Wodan-Apotheke;;44359;Dortmund;akwl
Wittekind-Apotheke;;44141;Dortmund;akwl
Wildschütz-Apotheke;;44388;Dortmund;akwl
Westfalia-Apotheke;;44149;Dortmund;akwl
Westfalen-Apotheke;;44139;Dortmund;akwl
Union-Apotheke;;44137;Dortmund;akwl
Südwest-Apotheke am Vinckepl.;;44139;Dortmund;akwl
Phönix-Apotheke;;44263;Dortmund;akwl
Stifts-Apotheke;;44263;Dortmund;akwl
Spitzweg-Apotheke;;44319;Dortmund;akwl
Sonnen-Apotheke;;44137;Dortmund;akwl
Sertürner-Apotheke;;44359;Dortmund;akwl
Rosen-Apotheke;;44369;Dortmund;akwl
Reinoldus-Apotheke;;44357;Dortmund;akwl
Rats-Apotheke;;44287;Dortmund;akwl
Preussen-Apotheke;;44145;Dortmund;akwl
Petri-Apotheke;;44137;Dortmund;akwl
Ostend-Apotheke;;44319;Dortmund;akwl
Orion Apotheke;;44269;Dortmund;akwl
Olympia-Apotheke;;44143;Dortmund;akwl
Patroklus-Apotheke;;44229;Dortmund;akwl
Neutor-Apotheke;;44135;Dortmund;akwl
Mohren-Apotheke oHG;;44143;Dortmund;akwl
Minister-Stein-Apotheke;;44339;Dortmund;akwl
Michael-Apotheke;;44329;Dortmund;akwl
Merkur-Apotheke;;44289;Dortmund;akwl
Markt-Apotheke;;44287;Dortmund;akwl
Markt-Apotheke;;44265;Dortmund;akwl
Markt-Apotheke;;44369;Dortmund;akwl
Markt-Apotheke Eving;;44339;Dortmund;akwl
Marien-Apotheke;;44319;Dortmund;akwl
Margarethen-Apotheke;;44229;Dortmund;akwl
Märkische Apotheke;;44141;Dortmund;akwl
Löwen-Apotheke am Markt;;44225;Dortmund;akwl
Linne-Apotheke;;44227;Dortmund;akwl
Linden-Apotheke;;44379;Dortmund;akwl
Lindemann-Apotheke;;44137;Dortmund;akwl
Landgrafen-Apotheke;;44139;Dortmund;akwl
Kuckelke-Apotheke;;44135;Dortmund;akwl
Kronen-Apotheke;;44139;Dortmund;akwl
Kreuz-Apotheke;;44225;Dortmund;akwl
Marco-Polo-Apotheke;;44139;Dortmund;akwl
Kranich-Apotheke;;44287;Dortmund;akwl
Kranich-Apotheke;;44339;Dortmund;akwl
Kosmos-Apotheke;;44309;Dortmund;akwl
Körnebach-Apotheke;;44143;Dortmund;akwl
Born-Apotheke;;44145;Dortmund;akwl
Hubertus-Apotheke;;44269;Dortmund;akwl
Hirsch-Apotheke;;44319;Dortmund;akwl
Hindenburg-Apotheke;;44145;Dortmund;akwl
Hellweg-Apotheke;;44309;Dortmund;akwl
Heide-Apotheke;;44267;Dortmund;akwl
Harkort-Apotheke;;44225;Dortmund;akwl
Hafen-Apotheke;;44147;Dortmund;akwl
Greif-Apotheke;;44145;Dortmund;akwl
Apotheke in der Droote;;44328;Dortmund;akwl
Georg-Apotheke;;44139;Dortmund;akwl
Flora-Apotheke;;44388;Dortmund;akwl
Fleming-Apotheke;;44225;Dortmund;akwl
Falken-Apotheke;;44137;Dortmund;akwl
Emscher-Apotheke;;44269;Dortmund;akwl
Apotheke im Kaiserviertel;;44135;Dortmund;akwl
APOSTAR-Apotheke am Stadtgarten;;44137;Dortmund;akwl
Eichhorn-Apotheke;;44267;Dortmund;akwl
Dorney-Apotheke;;44149;Dortmund;akwl
Dorf-Apotheke;;44369;Dortmund;akwl
Distel-Apotheke;;44328;Dortmund;akwl
Delta-Apotheke;;44339;Dortmund;akwl
Delphin-Apotheke;;44135;Dortmund;akwl
Central-Apotheke;;44388;Dortmund;akwl
Burgtor-Apotheke;;44135;Dortmund;akwl
Borussia-Apotheke;;44149;Dortmund;akwl
Bienen-Apotheke;;44319;Dortmund;akwl
Zeppelin-Apotheke;;44137;Dortmund;akwl
Berg-und Hütten-Apotheke;;44369;Dortmund;akwl
Lohbach-Apotheke;;44269;Dortmund;akwl
Funkturm-Apotheke;;44309;Dortmund;akwl
Bären-Apotheke;;44357;Dortmund;akwl
Bären-Apotheke;;44139;Dortmund;akwl
Ardey-Apotheke;;44379;Dortmund;akwl
Amtshaus-Apotheke;;44225;Dortmund;akwl
Amts-Apotheke;;44388;Dortmund;akwl
Alte Apotheke;;44263;Dortmund;akwl
Alte Apotheke;;44359;Dortmund;akwl
Aesculap-Apotheke;;44263;Dortmund;akwl
Adler-Apotheke;;44137;Dortmund;akwl
Holzwarth-Apotheke Lembeck;;46286;Dorsten;akwl
Die Neue Apotheke am Recklinghäuser Tor;;46282;Dorsten;akwl
Elisabeth-Apotheke-Stadtmitte;;46282;Dorsten;akwl
Elisabeth-Apotheke Stadtsfeld;;46282;Dorsten;akwl
Sonnen-Apotheke;;46284;Dorsten;akwl
Holzwarth-Apotheke;;46284;Dorsten;akwl
Apotheke am Schölzbach;;46282;Dorsten;akwl
Flora-Apotheke;;46284;Dorsten;akwl
Glückauf-Apotheke;;46284;Dorsten;akwl
Markt-Apotheke;;46286;Dorsten;akwl
Westfalen-Apotheke;;46284;Dorsten;akwl
Urbanus-Apotheke;;46286;Dorsten;akwl
Markus-Apotheke;;46286;Dorsten;akwl
Alte Markt-Apotheke;;46282;Dorsten;akwl
Marien-Apotheke;;46282;Dorsten;akwl
Kloster-Apotheke;;46282;Dorsten;akwl
Hubertus-Apotheke;;46286;Dorsten;akwl
Bären-Apotheke;;46282;Dorsten;akwl
Bonifatius-Apotheke;;46284;Dorsten;akwl
Stifts-Apotheke;;32694;Dörentrup;akwl
Arminius Apotheke;;32694;Dörentrup;akwl
MELVIGO Apotheke;;32758;Detmold;akwl
LaVie-Apotheke;;32758;Detmold;akwl
Apotheke am Leopoldinum;;32756;Detmold;akwl
Medicum Apotheke;;32756;Detmold;akwl
Bach-Apotheke;;32756;Detmold;akwl
Apotheke zur Rose;;32756;Detmold;akwl
Apotheke Hiddesen;;32760;Detmold;akwl
Apotheke an der Post;;32756;Detmold;akwl
Teutoburg-Apotheke;;32758;Detmold;akwl
Südholz-Apotheke;;32756;Detmold;akwl
Sonnen-Apotheke;;32758;Detmold;akwl
Markt-Apotheke;;32756;Detmold;akwl
Lortzing-Apotheke;;32756;Detmold;akwl
Hof-Apotheke;;32756;Detmold;akwl
Hasselbach-Apotheke;;32758;Detmold;akwl
Falken-Apotheke;;32760;Detmold;akwl
Elisabeth-Apotheke;;32756;Detmold;akwl
Eichholz-Apotheke;;32760;Detmold;akwl
Bahnhof-Apotheke;;32756;Detmold;akwl
Marien-Apotheke;;33129;Delbrück;akwl
Sonnen-Apotheke;;33129;Delbrück;akwl
Rosen-Apotheke;;33129;Delbrück;akwl
St.Joseph-Apotheke;;33129;Delbrück;akwl
Löwen-Apotheke;;33129;Delbrück;akwl
Kreuz-Apotheke;;33129;Delbrück;akwl
Apotheke am St. Vincenz-Krankenhaus;;45711;Datteln;akwl
Apotheke im Centromed;;45711;Datteln;akwl
Möllerskamp-Apotheke;;45711;Datteln;akwl
Bären-Apotheke am Markt;;45711;Datteln;akwl
Hagemer-Apotheke;;45711;Datteln;akwl
Glückauf-Apotheke;;45711;Datteln;akwl
Amandus-Apotheke;;45711;Datteln;akwl
Alte Apotheke;;45711;Datteln;akwl
Bären-Apotheke;;48653;Coesfeld;akwl
Cronen-Apotheke;;48653;Coesfeld;akwl
Johannes-Apotheke;;48653;Coesfeld;akwl
Laurentius-Apotheke;;48653;Coesfeld;akwl
Markt-Apotheke;;48653;Coesfeld;akwl
Marien-Apotheke;;48653;Coesfeld;akwl
Linden-Apotheke;;48653;Coesfeld;akwl
Kreuz-Apotheke;;48653;Coesfeld;akwl
Ahorn-Apotheke;;48653;Coesfeld;akwl
Adler-Apotheke;;48653;Coesfeld;akwl
Lavendel Apotheke;;44575;Castrop-Rauxel;akwl
naturzeit-Apotheke;;44581;Castrop-Rauxel;akwl
Kristall-Apotheke Henrichenburg;;44581;Castrop-Rauxel;akwl
Stern Apotheke;;44575;Castrop-Rauxel;akwl
Apotheke im Real-Castrop-Rauxel;;44579;Castrop-Rauxel;akwl
Elefanten-Apotheke;;44577;Castrop-Rauxel;akwl
Paracelsus-Apotheke;;44575;Castrop-Rauxel;akwl
Pallas-Apotheke;;44575;Castrop-Rauxel;akwl
Flora-Apotheke;;44579;Castrop-Rauxel;akwl
Altstadt-Apotheke;;44575;Castrop-Rauxel;akwl
Westfalen-Apotheke;;44579;Castrop-Rauxel;akwl
Viktoria-Apotheke;;44581;Castrop-Rauxel;akwl
Burg-Apotheke Henrichenburg;;44581;Castrop-Rauxel;akwl
Nord-Apotheke;;44579;Castrop-Rauxel;akwl
Ickerner Markt-Apotheke;;44581;Castrop-Rauxel;akwl
Löwen-Apotheke;;44579;Castrop-Rauxel;akwl
Bären-Apotheke;;44575;Castrop-Rauxel;akwl
Glückauf-Apotheke OHG;;44577;Castrop-Rauxel;akwl
City-Apotheke;;44575;Castrop-Rauxel;akwl
Alte Apotheke;;44575;Castrop-Rauxel;akwl
APOLAND-Apotheke Castrop-R.;;44579;Castrop-Rauxel;akwl
Schwanen-Apotheke;;57299;Burbach;akwl
Hickengrund-Apotheke;;57299;Burbach;akwl
Adler-Apotheke;;57299;Burbach;akwl
Alme-Apotheke;;33142;Büren;akwl
Rosen-Apotheke;;33142;Büren;akwl
Apotheke zur Residenz;;33142;Büren;akwl
Westfalen-Apotheke;;33142;Büren;akwl
Apotheke im Marktkauf-Center;;32257;Bünde;akwl
apolife Mühlen-Apotheke OHG;;32257;Bünde;akwl
Apotheke am Goetheplatz;;32257;Bünde;akwl
Wittekind-Apotheke;;32257;Bünde;akwl
Punkt-Apotheke;;32257;Bünde;akwl
Markt-Apotheke;;32257;Bünde;akwl
Lortzing-Apotheke;;32257;Bünde;akwl
apolife Apotheke Holsen OHG;;32257;Bünde;akwl
Einhorn-Apotheke;;32257;Bünde;akwl
Doberg-Apotheke;;32257;Bünde;akwl
Alte Apotheke;;32257;Bünde;akwl
Markt-Apotheke Brilon;;59929;Brilon;akwl
St.Engelbert-Apotheke;;59929;Brilon;akwl
Post-Apotheke;;59929;Brilon;akwl
Apotheke im Volksbank-Center;;59929;Brilon;akwl
Rathaus-Apotheke;;59929;Brilon;akwl
Alte Hirsch-Apotheke;;59929;Brilon;akwl
Adler-Apotheke;;59929;Brilon;akwl
Hanse-Apotheke;;58339;Breckerfeld;akwl
Apotheke Warburger Straße;;33034;Brakel;akwl
Rosen-Apotheke;;33034;Brakel;akwl
Annen-Apotheke;;33034;Brakel;akwl
Post-Apotheke im Kaufland;;46236;Bottrop;akwl
Dorf-Apotheke;;46244;Bottrop;akwl
Bären-Apotheke;;46242;Bottrop;akwl
Markt Apotheke im Eigen;;46240;Bottrop;akwl
Apotheke am Boyer Markt;;46240;Bottrop;akwl
Westfalia-Apotheke;;46236;Bottrop;akwl
Bonifatius-Apotheke;;46242;Bottrop;akwl
Apotheke Am Westring;;46242;Bottrop;akwl
Welheimer-Apotheke;;46238;Bottrop;akwl
Stadtwald-Apotheke;;46240;Bottrop;akwl
Sonnen-Apotheke;;46240;Bottrop;akwl
Nordlicht-Apotheke;;46244;Bottrop;akwl
Pinguin-Apotheke;;46236;Bottrop;akwl
Glückauf-Apotheke;;46236;Bottrop;akwl
Glückauf-Apotheke;;46244;Bottrop;akwl
Glocken-Apotheke;;46242;Bottrop;akwl
Engel-Apotheke OHG;;46238;Bottrop;akwl
Elefanten-Apotheke;;46236;Bottrop;akwl
Einhorn-Apotheke;;46240;Bottrop;akwl
Barbara-Apotheke;;46238;Bottrop;akwl
Antonius-Apotheke;;46244;Bottrop;akwl
Alte Apotheke;;46236;Bottrop;akwl
Aegidi-Apotheke;;46240;Bottrop;akwl
Adler Apotheke;;46240;Bottrop;akwl
St. Josef-Apotheke;;46325;Borken;akwl
Cordula-Apotheke;;46325;Borken;akwl
Apotheke am Venn;;46325;Borken;akwl
Apotheke Brinkman;;46325;Borken;akwl
Apotheke am Neutor;;46325;Borken;akwl
Stern-Apotheke;;46325;Borken;akwl
Sonnen-Apotheke;;46325;Borken;akwl
Löwen-Apotheke;;46325;Borken;akwl
Hirsch-Apotheke;;46325;Borken;akwl
Burg-Apotheke;;46325;Borken;akwl
Westfalen-Apotheke;;33829;Borgholzhausen;akwl
Ziegler'sche-Apotheke;;33829;Borgholzhausen;akwl
Stadt-Apotheke;;34434;Borgentreich;akwl
St.Laurentius-Apotheke;;33178;Borchen;akwl
Apotheke am Brunnen;;59199;Bönen;akwl
Apotheke am Bahnhof;;59199;Bönen;akwl
Marien-Apotheke;;59199;Bönen;akwl
Bären-Apotheke;;59199;Bönen;akwl
pampusapotheke im Josefcarree;;44791;Bochum;akwl
Höke's Apotheke Stiepel;;44797;Bochum;akwl
Frosch-Apotheke;;44866;Bochum;akwl
Westfalen-Apotheke am Augusta;;44791;Bochum;akwl
Apotheke in Steinkuhl;;44803;Bochum;akwl
Löwen-Apotheke im Martin-Luther-Ärztehaus;;44866;Bochum;akwl
Pluspunkt-Apotheke im City-Point;;44787;Bochum;akwl
Blaue Apotheke Viktoria Klinik;;44787;Bochum;akwl
Gertrudis-Apotheke Gertrudis Center;;44866;Bochum;akwl
Kompass-Apotheke;;44803;Bochum;akwl
Apotheke im real,-;;44867;Bochum;akwl
Dorf-Apotheke;;44805;Bochum;akwl
St.Martin-Apotheke;;44799;Bochum;akwl
Elefanten-Apotheke;;44892;Bochum;akwl
Kleeblatt-Apotheke;;44867;Bochum;akwl
Die Park Apotheke;;44892;Bochum;akwl
Känguruh-Apotheke;;44866;Bochum;akwl
Bethanien-Apotheke;;44805;Bochum;akwl
Delphin-Apotheke;;44795;Bochum;akwl
Civis-Apoth.in der Drehscheibe;;44787;Bochum;akwl
Blaue Apotheke Kortumstraße;;44787;Bochum;akwl
Runge-Apotheke;;44809;Bochum;akwl
Alpha-Apotheke;;44787;Bochum;akwl
Aar-Apotheke;;44894;Bochum;akwl
Herz-Apotheke;;44787;Bochum;akwl
Apotheke zw. den Kirchen;;44879;Bochum;akwl
Apotheke zum Kesterkamp;;44879;Bochum;akwl
Apotheke im Uni-Center;;44801;Bochum;akwl
Apotheke Reich;;44787;Bochum;akwl
Apotheke am Husemannplatz;;44787;Bochum;akwl
Apotheke am Markt;;44892;Bochum;akwl
farma-plus Apotheke am Hellweg;;44894;Bochum;akwl
Apotheke am Hauptbahnhof;;44787;Bochum;akwl
Apotheke am Freigrafendamm;;44803;Bochum;akwl
pampusapotheke am Denkmal;;44869;Bochum;akwl
Apotheke am Alten Markt;;44866;Bochum;akwl
Westfalen-Apotheke;;44809;Bochum;akwl
Turm-Apotheke OHG;;44879;Bochum;akwl
Storchen-Apotheke;;44791;Bochum;akwl
St.Georg-Apotheke;;44791;Bochum;akwl
Stern-Apotheke;;44799;Bochum;akwl
Stern-Apotheke;;44892;Bochum;akwl
Spitzweg-Apotheke;;44866;Bochum;akwl
Sonnen-Apotheke;;44869;Bochum;akwl
Ruhrland-Apotheke;;44797;Bochum;akwl
Ruhr-Apotheke;;44803;Bochum;akwl
Rosenberg-Apotheke;;44805;Bochum;akwl
Paracelsus-Apotheke;;44892;Bochum;akwl
Ost-Apotheke Dr.Reith;;44892;Bochum;akwl
Nord-Apotheke;;44807;Bochum;akwl
Mohren-Apotheke;;44894;Bochum;akwl
Merkur-Apotheke;;44866;Bochum;akwl
Mark-Apotheke;;44795;Bochum;akwl
Marien-Apotheke;;44866;Bochum;akwl
Löwen-Apotheke Westenfelder Straße;;44866;Bochum;akwl
Löwen-Apotheke;;44793;Bochum;akwl
Linden-Apotheke;;44809;Bochum;akwl
Kronen-Apotheke;;44787;Bochum;akwl
Kreuz-Apotheke;;44805;Bochum;akwl
Kosmos-Apotheke;;44795;Bochum;akwl
Kirchviertel-Apotheke;;44799;Bochum;akwl
Kemnader-Apotheke;;44797;Bochum;akwl
Industrie-Apotheke;;44866;Bochum;akwl
Hustadt-Apotheke;;44801;Bochum;akwl
Hubertus-Apotheke;;44866;Bochum;akwl
Apotheke am Schauspielhaus;;44789;Bochum;akwl
Hirsch-Apotheke;;44787;Bochum;akwl
Elbe-Apotheke;;44791;Bochum;akwl
Hansa-Apotheke;;44805;Bochum;akwl
Greif-Apotheke;;44807;Bochum;akwl
Glückauf-Apotheke;;44807;Bochum;akwl
Glückauf-Apotheke-Laer;;44803;Bochum;akwl
Glückauf-Apotheke;;44869;Bochum;akwl
Glocken-Apotheke;;44866;Bochum;akwl
Glocken-Apotheke;;44793;Bochum;akwl
Friederika-Apotheke;;44789;Bochum;akwl
Fortuna-Apotheke;;44803;Bochum;akwl
Flora-Apotheke;;44809;Bochum;akwl
Finken-Apotheke;;44809;Bochum;akwl
Falken-Apotheke;;44803;Bochum;akwl
Engelbert-Apotheke;;44805;Bochum;akwl
Elch-Apotheke;;44805;Bochum;akwl
Einhorn-Apotheke;;44787;Bochum;akwl
Spitzweg-Apotheke im Ehrenfeld;;44789;Bochum;akwl
Brunnen-Apotheke;;44787;Bochum;akwl
Berg-und Hütten-Apotheke;;44809;Bochum;akwl
Barbara-Apotheke;;44866;Bochum;akwl
Barbara-Apotheke;;44805;Bochum;akwl
Bahnhof-Apotheke Höntrop;;44869;Bochum;akwl
Bahnhof-Apotheke;;44879;Bochum;akwl
Bären-Apotheke;;44795;Bochum;akwl
Anker-Apotheke;;44791;Bochum;akwl
Andreas-Apotheke;;44879;Bochum;akwl
Amts-Apotheke;;44892;Bochum;akwl
Höke's Alte-Apotheke Weitmar;;44795;Bochum;akwl
Alte Apotheke;;44894;Bochum;akwl
Alte Apotheke 1691;;44787;Bochum;akwl
Adler-Apotheke Langendreer;;44892;Bochum;akwl
Apotheke in den Arkaden;;46395;Bocholt;akwl
Apotheke im real,-;;46395;Bocholt;akwl
Süd-Apotheke oHG;;46395;Bocholt;akwl
Forum Apotheke;;46399;Bocholt;akwl
Feldmark-Apotheke;;46395;Bocholt;akwl
Wilhelm Busch-Apotheke;;46397;Bocholt;akwl
Apotheke am Casinowall;;46399;Bocholt;akwl
Sertürner-Apotheke;;46397;Bocholt;akwl
Punkt-Apotheke am Ostwall;;46397;Bocholt;akwl
St.Georgius-Apotheke;;46399;Bocholt;akwl
Ostertor-Apotheke oHG;;46397;Bocholt;akwl
Nord-Apotheke;;46399;Bocholt;akwl
Münster-Apotheke oHG;;46397;Bocholt;akwl
Löverick-Apotheke;;46399;Bocholt;akwl
Kronen-Apotheke;;46399;Bocholt;akwl
Fildeken-Apotheke;;46395;Bocholt;akwl
Arens'Marien-Apotheke;;46399;Bocholt;akwl
Heutor-Apotheke;;32825;Blomberg;akwl
Nelken-Apotheke;;32825;Blomberg;akwl
Humboldt-Apotheke;;32825;Blomberg;akwl
Apotheke am Münstertor;;48727;Billerbeck;akwl
Ludgeri-Apotheke;;48727;Billerbeck;akwl
Johanni-Apotheke;;48727;Billerbeck;akwl
Martin-Apotheke;;33613;Bielefeld;akwl
Pharma-Vital Apotheke;;33689;Bielefeld;akwl
Apotheke am Klinikum Mitte;;33604;Bielefeld;akwl
Pluspunkt-Apotheke;;33602;Bielefeld;akwl
Apotheke im Westen;;33615;Bielefeld;akwl
Apotheke im real,-;;33649;Bielefeld;akwl
Neue Apotheke;;33613;Bielefeld;akwl
Marktplatz-Apotheke-Senne;;33659;Bielefeld;akwl
Teutoburger Apotheke;;33607;Bielefeld;akwl
Aquila-Apotheke;;33689;Bielefeld;akwl
Panda-Apotheke;;33607;Bielefeld;akwl
Apotheke in Eckardtsheim;;33689;Bielefeld;akwl
Apotheke am Wellensiek;;33619;Bielefeld;akwl
Johannis-Apotheke;;33611;Bielefeld;akwl
Leineweber-Apotheke;;33605;Bielefeld;akwl
Vita-Apotheke;;33719;Bielefeld;akwl
Pinguin-Apotheke Lohmannshof Wolff;;33619;Bielefeld;akwl
Eichen-Apotheke;;33659;Bielefeld;akwl
St.Georg-Apotheke;;33605;Bielefeld;akwl
Dorf-Apotheke;;33739;Bielefeld;akwl
Apotheke an der Voltmannstr.;;33613;Bielefeld;akwl
Apotheke an der Universität;;33615;Bielefeld;akwl
Apotheke am Vorwerk;;33611;Bielefeld;akwl
Busch-Apotheke-Brackwede;;33647;Bielefeld;akwl
Apotheke am Stadtring;;33689;Bielefeld;akwl
Apotheke am Rathaus;;33602;Bielefeld;akwl
Apotheke am Rabenhof;;33609;Bielefeld;akwl
Dr. Lehmann's Apotheke am Meilenstein;;33649;Bielefeld;akwl
Apotheke am Markt;;33689;Bielefeld;akwl
Apotheke am Heeperholz;;33719;Bielefeld;akwl
Apotheke am Alten Markt;;33602;Bielefeld;akwl
Wittekind-Apotheke;;33613;Bielefeld;akwl
Westfalen-Apotheke;;33719;Bielefeld;akwl
Vennhof-Apotheke;;33689;Bielefeld;akwl
Süd-Apotheke;;33617;Bielefeld;akwl
Stifts-Apotheke;;33611;Bielefeld;akwl
Stern-Apotheke;;33602;Bielefeld;akwl
Spindel-Apotheke;;33604;Bielefeld;akwl
Sparrenberg-Apotheke;;33602;Bielefeld;akwl
Sonnen-Apotheke;;33604;Bielefeld;akwl
Schwanen-Apotheke;;33659;Bielefeld;akwl
Schlosshof-Apotheke;;33615;Bielefeld;akwl
Busch-Apotheke Russheide;;33607;Bielefeld;akwl
Rosen-Apotheke;;33699;Bielefeld;akwl
Rosen-Apotheke;;33729;Bielefeld;akwl
Rosen-Apotheke;;33649;Bielefeld;akwl
Rosen-Apotheke;;33613;Bielefeld;akwl
Post-Apotheke;;33602;Bielefeld;akwl
Ost-Apotheke;;33659;Bielefeld;akwl
Osning-Apotheke;;33604;Bielefeld;akwl
Niederwall-Apotheke;;33602;Bielefeld;akwl
Mühlen-Apotheke;;33729;Bielefeld;akwl
Mohren-Apotheke;;33647;Bielefeld;akwl
Lorbeer-Apotheke;;33615;Bielefeld;akwl
Löwen-Apotheke;;33719;Bielefeld;akwl
Löwen-Apotheke;;33602;Bielefeld;akwl
Linnen-Apotheke;;33699;Bielefeld;akwl
Kreuz-Apotheke;;33602;Bielefeld;akwl
Immanuel Kant-Apotheke;;33719;Bielefeld;akwl
Hubertus-Apotheke;;33602;Bielefeld;akwl
Hansa-Apotheke;;33607;Bielefeld;akwl
Forst-Apotheke;;33619;Bielefeld;akwl
Fontane-Apotheke;;33602;Bielefeld;akwl
Busch-Apotheke Brake;;33729;Bielefeld;akwl
Elefanten-Apotheke;;33647;Bielefeld;akwl
Egge-Apotheke;;33617;Bielefeld;akwl
Birken-Apotheke;;33609;Bielefeld;akwl
Bären-Apotheke Eingang City-Passage;;33602;Bielefeld;akwl
Anker-Apotheke;;33609;Bielefeld;akwl
Amts-Apotheke;;33619;Bielefeld;akwl
Ahorn-Apotheke;;33739;Bielefeld;akwl
Aesculap-Apotheke;;33605;Bielefeld;akwl
Adler-Apotheke Jöllenbeck;;33739;Bielefeld;akwl
Adler-Apotheke;;33647;Bielefeld;akwl
Adler-Apotheke;;33611;Bielefeld;akwl
Vital-Apotheke im Gesundheitszentrum;;37688;Beverungen;akwl
Mühlen-Apotheke;;37688;Beverungen;akwl
Bevertor-Apotheke;;37688;Beverungen;akwl
Apotheke St.Georg;;37688;Beverungen;akwl
Marien-Apotheke;;37688;Beverungen;akwl
Liborius-Apotheke;;37688;Beverungen;akwl
Apotheke-Nieder;;59909;Bestwig;akwl
Falken-Apotheke;;59909;Bestwig;akwl
Elisabeth-Apotheke;;59909;Bestwig;akwl
Apotheke Rünther Straße;;59192;Bergkamen;akwl
Platanen-Apotheke;;59192;Bergkamen;akwl
Lessing-Apotheke;;59192;Bergkamen;akwl
St.Barbara-Apotheke;;59192;Bergkamen;akwl
Sonnen-Apotheke;;59192;Bergkamen;akwl
Römerberg-Apotheke;;59192;Bergkamen;akwl
Kant-Apotheke;;59192;Bergkamen;akwl
Glückauf-Apotheke;;59192;Bergkamen;akwl
Alte Apotheke;;59192;Bergkamen;akwl
St.Johannis-Apotheke;;48361;Beelen;akwl
Engel-Apotheke;;59269;Beckum;akwl
Apotheke am Krankenhaus;;59269;Beckum;akwl
Steinhoffs Allee-Apotheke OHG;;59269;Beckum;akwl
Apotheke am Osttor;;59269;Beckum;akwl
Apotheke am Markt;;59269;Beckum;akwl
Westtor-Apotheke;;59269;Beckum;akwl
Stephanus-Apotheke;;59269;Beckum;akwl
Maximilian-Apotheke;;59269;Beckum;akwl
Hirsch-Apotheke;;59269;Beckum;akwl
Adler-Apotheke;;59269;Beckum;akwl
Stadt-Apotheke;;32683;Barntrup;akwl
Einhorn-Apotheke;;32683;Barntrup;akwl
Apotheke am Drostenplatz;;58802;Balve;akwl
Adler-Apotheke;;58802;Balve;akwl
Kur-Apotheke OHG;;59505;Bad Sassendorf;akwl
Sälzer-Apotheke;;59505;Bad Sassendorf;akwl
Adler-Apotheke;;59505;Bad Sassendorf;akwl
Apotheke im Hoffmannspark;;32105;Bad Salzuflen;akwl
Ostertor-Apotheke;;32105;Bad Salzuflen;akwl
Glocken-Apotheke;;32107;Bad Salzuflen;akwl
Salzhof-Apotheke;;32105;Bad Salzuflen;akwl
Stifts-Apotheke;;32108;Bad Salzuflen;akwl
Apotheke Werl-Aspe;;32107;Bad Salzuflen;akwl
Apotheke am Markt;;32108;Bad Salzuflen;akwl
Weiden-Apotheke;;32108;Bad Salzuflen;akwl
Rosen-Apotheke;;32105;Bad Salzuflen;akwl
Quellen-Apotheke;;32105;Bad Salzuflen;akwl
Post-Apotheke;;32105;Bad Salzuflen;akwl
Nordheide-Apotheke;;32107;Bad Salzuflen;akwl
Neue Apotheke;;32108;Bad Salzuflen;akwl
Mozart-Apotheke;;32105;Bad Salzuflen;akwl
Brunnen-Apotheke;;32105;Bad Salzuflen;akwl
Brandes'sche Apotheke ;;32105;Bad Salzuflen;akwl
Born-Apotheke;;32108;Bad Salzuflen;akwl
Apotheke im Werrepark;;32547;Bad Oeynhausen;akwl
Apotheke Auf der Lohe;;32545;Bad Oeynhausen;akwl
Alpha-Apotheke;;32545;Bad Oeynhausen;akwl
Apotheke in Rehme;;32547;Bad Oeynhausen;akwl
Apotheke an der Post;;32545;Bad Oeynhausen;akwl
Werre-Apotheke;;32549;Bad Oeynhausen;akwl
Süd-Apotheke;;32545;Bad Oeynhausen;akwl
Siel-Apotheke;;32549;Bad Oeynhausen;akwl
Neue Apotheke;;32545;Bad Oeynhausen;akwl
Mühlen-Apotheke;;32547;Bad Oeynhausen;akwl
Mönch-Apotheke;;32549;Bad Oeynhausen;akwl
Löwen-Apotheke;;32545;Bad Oeynhausen;akwl
Kaiser-Apotheke;;32549;Bad Oeynhausen;akwl
Brunnen-Apotheke;;32545;Bad Oeynhausen;akwl
Kur-Apotheke;;33175;Bad Lippspringe;akwl
Rats-Apotheke;;33175;Bad Lippspringe;akwl
Quellen-Apotheke;;33175;Bad Lippspringe;akwl
Arminius-Apotheke;;33175;Bad Lippspringe;akwl
City-Apotheke;;33014;Bad Driburg;akwl
Apotheke am Alten Markt;;33014;Bad Driburg;akwl
Südstadt-Apotheke;;33014;Bad Driburg;akwl
Neue Apotheke;;33014;Bad Driburg;akwl
Brunnen-Apotheke;;33014;Bad Driburg;akwl
Edertal-Apotheke;;57319;Bad Berleburg;akwl
Apotheke am Schlosspark;;57319;Bad Berleburg;akwl
Kur-Apotheke;;57319;Bad Berleburg;akwl
Hof-Apotheke;;57319;Bad Berleburg;akwl
Senne-Apotheke;;32832;Augustdorf;akwl
Heide-Apotheke;;32832;Augustdorf;akwl
Apotheke Schwalbenohl;;57439;Attendorn;akwl
Apotheke am Rathaus;;57439;Attendorn;akwl
Apotheke am Kölner Tor;;57439;Attendorn;akwl
Nicolai-Apotheke;;57439;Attendorn;akwl
Löwen-Apotheke;;57439;Attendorn;akwl
Hirsch-Apotheke;;57439;Attendorn;akwl
Barbara-Apotheke;;57439;Attendorn;akwl
Westerwinkel-Apotheke;;59387;Ascheberg;akwl
Marien-Apotheke;;59387;Ascheberg;akwl
Brunnen-Apotheke;;59387;Ascheberg;akwl
Graf-Gottfried-Apotheke;;59755;Arnsberg;akwl
Apotheke am Neumarkt;;59821;Arnsberg;akwl
tri-Haus-Apotheke;;59755;Arnsberg;akwl
Finken-Apotheke;;59759;Arnsberg;akwl
Magdalenen-Apotheke;;59759;Arnsberg;akwl
Glocken-Apotheke;;59823;Arnsberg;akwl
Markt-Apotheke;;59759;Arnsberg;akwl
Park-Apotheke;;59755;Arnsberg;akwl
Rats-Apotheke;;59821;Arnsberg;akwl
St.Hubertus-Apotheke;;59823;Arnsberg;akwl
Sonnen-Apotheke;;59821;Arnsberg;akwl
Sauerland-Apotheke;;59755;Arnsberg;akwl
Rosen-Apotheke;;59821;Arnsberg;akwl
petri-Apotheke;;59759;Arnsberg;akwl
Marien-Apotheke oHG;;59755;Arnsberg;akwl
Ludgeri-Apotheke;;59759;Arnsberg;akwl
Johannis-Apotheke;;59821;Arnsberg;akwl
Hirsch-Apotheke;;59759;Arnsberg;akwl
Goethe-Apotheke;;59755;Arnsberg;akwl
Biber-Apotheke;;59755;Arnsberg;akwl
Pinguin-Apotheke;;59755;Arnsberg;akwl
Rathaus-Apotheke;;59609;Anröchte;akwl
Haarstrang-Apotheke;;59609;Anröchte;akwl
Adler-Apotheke;;48341;Altenberge;akwl
Ludgerus-Apotheke;;48341;Altenberge;akwl
Sonnen-Apotheke;;33184;Altenbeken;akwl
Egge-Apotheke;;33184;Altenbeken;akwl
Markt-Apotheke;;58762;Altena;akwl
Apotheke am Bahnhof;;58762;Altena;akwl
Stern-Apotheke;;58762;Altena;akwl
Mühlen-Apotheke;;58762;Altena;akwl
Burg-Apotheke Bauerfeind e.Kfr;;58762;Altena;akwl
Finken-Apotheke am Krankenhaus;;59227;Ahlen;akwl
Bußmanns-Hansa-Apotheke;;59229;Ahlen;akwl
Sonnen-Apotheke;;59227;Ahlen;akwl
Zeppelin-Apotheke;;59229;Ahlen;akwl
Lamberti-Apotheke;;59229;Ahlen;akwl
Finken-Apotheke;;59227;Ahlen;akwl
Bußmanns-Stadttheater-Apotheke;;59227;Ahlen;akwl
Westfalen-Apotheke;;59229;Ahlen;akwl
Bußmanns-Barbara-Apotheke;;59229;Ahlen;akwl
Bußmanns-Park-Apotheke;;59227;Ahlen;akwl
Mammut-Apotheke;;59227;Ahlen;akwl
Augustin-Wibbelt-Apotheke;;59227;Ahlen;akwl
Dr.H.Rosenthal's Alte Apotheke;;59227;Ahlen;akwl
Aesculap-Apotheke;;48683;Ahaus;akwl
Gesundpunkt-Apotheke;;48683;Ahaus;akwl
Stern-Apotheke;;48683;Ahaus;akwl
St.Georg-Apotheke;;48683;Ahaus;akwl
Apotheke am Wall;;48683;Ahaus;akwl
Stephanus-Apotheke;;48683;Ahaus;akwl
Martinus-Apotheke;;48683;Ahaus;akwl
Marien-Apotheke;;48683;Ahaus;akwl
Hamaland-Apotheke OHG;;48683;Ahaus;akwl